transaction_id,user_id,timestamp,amount,provider
AIR_user_0_0000,user_0,2025-05-15 04:06:18,50000,MTN
AIR_user_0_0001,user_0,2025-05-15 17:33:45,100000,MTN
AIR_user_0_0002,user_0,2025-05-18 03:02:32,10000,Airtel
AIR_user_0_0003,user_0,2025-05-19 08:34:41,100000,MTN
AIR_user_0_0004,user_0,2025-06-06 22:36:34,20000,Airtel
AIR_user_0_0005,user_0,2025-06-18 11:57:31,10000,MTN
AIR_user_0_0006,user_0,2025-06-25 12:32:44,20000,Airtel
AIR_user_0_0007,user_0,2025-07-09 21:12:03,20000,Airtel
AIR_user_0_0008,user_0,2025-07-21 06:41:59,100000,Airtel
AIR_user_0_0009,user_0,2025-07-22 17:23:27,5000,MTN
AIR_user_0_0010,user_0,2025-08-07 08:10:03,10000,MTN
AIR_user_0_0011,user_0,2025-08-12 18:23:04,20000,MTN
AIR_user_0_0012,user_0,2025-08-24 07:08:20,100000,MTN
AIR_user_0_0013,user_0,2025-09-09 03:31:54,100000,MTN
AIR_user_0_0014,user_0,2025-09-11 19:49:50,5000,MTN
AIR_user_0_0015,user_0,2025-09-12 15:25:04,5000,MTN
AIR_user_0_0016,user_0,2025-09-14 10:52:38,5000,MTN
AIR_user_0_0017,user_0,2025-09-18 08:27:47,20000,MTN
AIR_user_0_0018,user_0,2025-09-30 06:42:23,100000,MTN
AIR_user_0_0019,user_0,2025-10-14 01:53:32,20000,Airtel
AIR_user_0_0020,user_0,2025-10-14 03:03:52,10000,MTN
AIR_user_0_0021,user_0,2025-10-19 03:09:49,100000,Airtel
AIR_user_1_0000,user_1,2025-05-16 01:52:50,5000,MTN
AIR_user_1_0001,user_1,2025-05-29 07:06:48,50000,Airtel
AIR_user_1_0002,user_1,2025-05-30 07:47:34,20000,MTN
AIR_user_1_0003,user_1,2025-06-07 23:07:34,20000,Airtel
AIR_user_1_0004,user_1,2025-06-13 14:19:53,100000,Airtel
AIR_user_1_0005,user_1,2025-06-16 01:25:03,100000,Airtel
AIR_user_1_0006,user_1,2025-06-19 20:52:05,5000,MTN
AIR_user_1_0007,user_1,2025-06-21 22:35:41,20000,MTN
AIR_user_1_0008,user_1,2025-06-28 13:26:18,100000,Airtel
AIR_user_1_0009,user_1,2025-06-29 03:44:16,5000,MTN
AIR_user_1_0010,user_1,2025-06-29 04:36:40,100000,Airtel
AIR_user_2_0000,user_2,2025-05-22 15:36:40,50000,MTN
AIR_user_2_0001,user_2,2025-06-03 00:56:47,100000,MTN
AIR_user_2_0002,user_2,2025-06-05 08:36:38,50000,MTN
AIR_user_2_0003,user_2,2025-06-06 17:25:35,5000,Airtel
AIR_user_2_0004,user_2,2025-06-16 10:44:15,10000,Airtel
AIR_user_2_0005,user_2,2025-06-27 22:57:53,10000,MTN
AIR_user_2_0006,user_2,2025-07-30 13:20:29,20000,Airtel
AIR_user_2_0007,user_2,2025-08-03 06:43:51,20000,MTN
AIR_user_2_0008,user_2,2025-08-06 12:53:31,50000,Airtel
AIR_user_2_0009,user_2,2025-08-17 00:32:53,20000,Airtel
AIR_user_2_0010,user_2,2025-08-19 22:33:34,20000,Airtel
AIR_user_2_0011,user_2,2025-09-07 15:08:33,20000,MTN
AIR_user_2_0012,user_2,2025-09-21 07:33:20,50000,MTN
AIR_user_2_0013,user_2,2025-09-25 05:41:43,100000,MTN
AIR_user_2_0014,user_2,2025-10-04 23:10:45,20000,MTN
AIR_user_2_0015,user_2,2025-10-14 19:09:27,5000,MTN
AIR_user_2_0016,user_2,2025-10-15 13:26:32,5000,MTN
AIR_user_3_0000,user_3,2025-05-14 08:35:58,20000,MTN
AIR_user_3_0001,user_3,2025-05-14 10:54:43,100000,MTN
AIR_user_3_0002,user_3,2025-05-15 00:04:29,10000,MTN
AIR_user_3_0003,user_3,2025-05-23 05:45:55,20000,MTN
AIR_user_3_0004,user_3,2025-05-28 14:10:11,10000,MTN
AIR_user_3_0005,user_3,2025-06-07 07:00:26,10000,MTN
AIR_user_3_0006,user_3,2025-06-24 09:33:29,10000,MTN
AIR_user_3_0007,user_3,2025-06-30 13:22:14,50000,Airtel
AIR_user_3_0008,user_3,2025-07-09 14:56:32,100000,Airtel
AIR_user_3_0009,user_3,2025-07-19 12:40:01,20000,MTN
AIR_user_3_0010,user_3,2025-07-22 20:23:44,10000,Airtel
AIR_user_3_0011,user_3,2025-07-24 18:44:27,20000,Airtel
AIR_user_4_0000,user_4,2025-05-15 10:34:05,100000,MTN
AIR_user_4_0001,user_4,2025-05-16 18:03:04,10000,Airtel
AIR_user_4_0002,user_4,2025-05-24 11:37:02,20000,Airtel
AIR_user_4_0003,user_4,2025-06-12 00:52:55,20000,MTN
AIR_user_4_0004,user_4,2025-06-17 17:34:30,50000,Airtel
AIR_user_4_0005,user_4,2025-06-23 15:59:36,100000,MTN
AIR_user_4_0006,user_4,2025-06-25 23:10:38,5000,Airtel
AIR_user_4_0007,user_4,2025-07-06 05:42:46,20000,Airtel
AIR_user_4_0008,user_4,2025-07-07 16:30:07,50000,Airtel
AIR_user_4_0009,user_4,2025-07-10 10:12:16,50000,Airtel
AIR_user_4_0010,user_4,2025-07-14 07:18:03,10000,Airtel
AIR_user_4_0011,user_4,2025-07-19 06:19:35,50000,MTN
AIR_user_4_0012,user_4,2025-07-21 04:57:55,10000,Airtel
AIR_user_4_0013,user_4,2025-07-22 01:27:30,100000,Airtel
AIR_user_4_0014,user_4,2025-07-28 15:54:58,100000,Airtel
AIR_user_5_0000,user_5,2025-05-30 06:16:42,20000,MTN
AIR_user_5_0001,user_5,2025-05-31 04:17:31,10000,Airtel
AIR_user_5_0002,user_5,2025-06-02 01:29:41,100000,MTN
AIR_user_5_0003,user_5,2025-06-03 07:53:38,5000,Airtel
AIR_user_5_0004,user_5,2025-06-04 18:32:01,50000,Airtel
AIR_user_5_0005,user_5,2025-06-17 11:47:35,100000,MTN
AIR_user_5_0006,user_5,2025-06-20 07:36:45,50000,MTN
AIR_user_5_0007,user_5,2025-06-22 22:18:11,100000,MTN
AIR_user_5_0008,user_5,2025-06-24 17:38:43,100000,Airtel
AIR_user_5_0009,user_5,2025-07-01 06:55:51,50000,MTN
AIR_user_5_0010,user_5,2025-07-04 15:03:10,5000,Airtel
AIR_user_5_0011,user_5,2025-07-14 04:07:47,50000,Airtel
AIR_user_5_0012,user_5,2025-07-15 18:47:37,5000,Airtel
AIR_user_5_0013,user_5,2025-07-26 15:13:25,50000,MTN
AIR_user_5_0014,user_5,2025-08-02 02:43:51,5000,Airtel
AIR_user_6_0000,user_6,2025-05-19 19:43:26,50000,MTN
AIR_user_6_0001,user_6,2025-05-21 19:00:57,50000,Airtel
AIR_user_6_0002,user_6,2025-05-25 05:51:49,20000,Airtel
AIR_user_6_0003,user_6,2025-05-27 15:05:36,100000,MTN
AIR_user_6_0004,user_6,2025-05-30 16:56:15,20000,MTN
AIR_user_6_0005,user_6,2025-06-08 14:13:27,20000,Airtel
AIR_user_6_0006,user_6,2025-06-11 01:27:22,50000,MTN
AIR_user_6_0007,user_6,2025-06-16 21:50:39,5000,Airtel
AIR_user_6_0008,user_6,2025-06-21 10:25:58,20000,MTN
AIR_user_6_0009,user_6,2025-06-29 01:29:48,5000,Airtel
AIR_user_6_0010,user_6,2025-07-18 09:29:58,50000,MTN
AIR_user_6_0011,user_6,2025-07-27 15:04:32,50000,MTN
AIR_user_6_0012,user_6,2025-07-29 07:43:51,20000,Airtel
AIR_user_6_0013,user_6,2025-07-29 13:03:11,100000,MTN
AIR_user_7_0000,user_7,2025-05-13 09:01:15,20000,MTN
AIR_user_7_0001,user_7,2025-05-17 18:49:49,5000,Airtel
AIR_user_7_0002,user_7,2025-05-20 06:02:02,5000,Airtel
AIR_user_7_0003,user_7,2025-06-02 15:56:26,10000,MTN
AIR_user_7_0004,user_7,2025-06-11 11:09:06,5000,Airtel
AIR_user_7_0005,user_7,2025-06-17 16:34:31,50000,MTN
AIR_user_7_0006,user_7,2025-06-19 23:07:38,50000,Airtel
AIR_user_7_0007,user_7,2025-07-06 20:17:46,100000,MTN
AIR_user_7_0008,user_7,2025-07-07 04:02:57,5000,MTN
AIR_user_7_0009,user_7,2025-07-07 23:31:35,20000,MTN
AIR_user_7_0010,user_7,2025-07-11 11:01:04,10000,Airtel
AIR_user_7_0011,user_7,2025-07-12 09:20:35,5000,Airtel
AIR_user_7_0012,user_7,2025-08-03 07:41:49,10000,Airtel
AIR_user_7_0013,user_7,2025-08-14 12:24:07,5000,MTN
AIR_user_7_0014,user_7,2025-08-16 14:45:25,10000,Airtel
AIR_user_7_0015,user_7,2025-08-22 19:57:14,100000,Airtel
AIR_user_7_0016,user_7,2025-09-20 01:59:16,5000,MTN
AIR_user_7_0017,user_7,2025-10-05 04:10:34,50000,MTN
AIR_user_7_0018,user_7,2025-10-11 14:26:55,100000,MTN
AIR_user_7_0019,user_7,2025-10-27 23:39:31,10000,Airtel
AIR_user_7_0020,user_7,2025-11-28 16:09:47,50000,MTN
AIR_user_7_0021,user_7,2025-12-08 04:39:07,100000,Airtel
AIR_user_7_0022,user_7,2025-12-08 15:56:26,10000,Airtel
AIR_user_8_0000,user_8,2025-05-15 03:23:49,20000,Airtel
AIR_user_8_0001,user_8,2025-05-16 08:51:12,10000,Airtel
AIR_user_8_0002,user_8,2025-05-23 17:57:16,20000,Airtel
AIR_user_8_0003,user_8,2025-05-26 12:12:58,5000,MTN
AIR_user_8_0004,user_8,2025-06-01 18:06:46,10000,Airtel
AIR_user_8_0005,user_8,2025-06-05 17:30:30,50000,Airtel
AIR_user_8_0006,user_8,2025-07-04 19:56:50,50000,MTN
AIR_user_8_0007,user_8,2025-07-05 23:10:03,20000,MTN
AIR_user_8_0008,user_8,2025-07-10 08:07:25,20000,Airtel
AIR_user_8_0009,user_8,2025-07-18 07:47:19,20000,Airtel
AIR_user_8_0010,user_8,2025-07-21 20:21:52,10000,Airtel
AIR_user_8_0011,user_8,2025-08-16 14:05:28,100000,MTN
AIR_user_8_0012,user_8,2025-08-25 13:05:09,20000,MTN
AIR_user_8_0013,user_8,2025-09-02 00:50:32,50000,MTN
AIR_user_8_0014,user_8,2025-09-11 22:33:06,20000,Airtel
AIR_user_9_0000,user_9,2025-05-19 12:04:36,10000,Airtel
AIR_user_9_0001,user_9,2025-05-27 15:52:01,5000,MTN
AIR_user_9_0002,user_9,2025-05-31 04:57:12,20000,MTN
AIR_user_9_0003,user_9,2025-06-04 18:46:47,20000,Airtel
AIR_user_9_0004,user_9,2025-06-12 21:22:02,50000,Airtel
AIR_user_9_0005,user_9,2025-06-13 00:18:46,10000,Airtel
AIR_user_9_0006,user_9,2025-06-15 17:52:46,20000,MTN
AIR_user_9_0007,user_9,2025-07-11 01:17:28,5000,Airtel
AIR_user_9_0008,user_9,2025-07-17 03:04:34,10000,Airtel
AIR_user_9_0009,user_9,2025-07-19 04:21:20,20000,MTN
AIR_user_10_0000,user_10,2025-05-22 08:56:23,20000,MTN
AIR_user_10_0001,user_10,2025-05-28 10:02:09,10000,MTN
AIR_user_10_0002,user_10,2025-05-30 15:52:03,5000,Airtel
AIR_user_10_0003,user_10,2025-05-31 05:46:10,10000,MTN
AIR_user_10_0004,user_10,2025-05-31 20:48:51,50000,MTN
AIR_user_10_0005,user_10,2025-06-16 14:09:43,100000,Airtel
AIR_user_10_0006,user_10,2025-06-18 01:57:03,20000,Airtel
AIR_user_10_0007,user_10,2025-06-20 19:34:38,50000,Airtel
AIR_user_10_0008,user_10,2025-06-22 14:45:31,20000,Airtel
AIR_user_10_0009,user_10,2025-06-25 16:25:35,20000,Airtel
AIR_user_10_0010,user_10,2025-06-26 04:30:51,50000,MTN
AIR_user_10_0011,user_10,2025-07-01 07:29:32,50000,Airtel
AIR_user_10_0012,user_10,2025-07-01 19:15:13,10000,Airtel
AIR_user_11_0000,user_11,2025-05-17 02:16:49,50000,MTN
AIR_user_11_0001,user_11,2025-05-29 09:33:12,100000,MTN
AIR_user_11_0002,user_11,2025-06-07 15:47:07,100000,MTN
AIR_user_11_0003,user_11,2025-06-17 22:11:02,50000,MTN
AIR_user_11_0004,user_11,2025-06-18 00:02:51,10000,Airtel
AIR_user_11_0005,user_11,2025-06-21 18:27:05,20000,Airtel
AIR_user_11_0006,user_11,2025-06-26 08:44:45,50000,MTN
AIR_user_11_0007,user_11,2025-06-26 12:00:05,5000,MTN
AIR_user_11_0008,user_11,2025-06-28 14:32:41,50000,Airtel
AIR_user_11_0009,user_11,2025-07-08 14:30:12,50000,Airtel
AIR_user_11_0010,user_11,2025-07-09 15:16:40,50000,MTN
AIR_user_11_0011,user_11,2025-07-15 00:01:50,20000,Airtel
AIR_user_11_0012,user_11,2025-07-16 16:44:30,10000,Airtel
AIR_user_11_0013,user_11,2025-07-16 18:47:26,100000,MTN
AIR_user_11_0014,user_11,2025-07-18 17:09:42,50000,MTN
AIR_user_11_0015,user_11,2025-08-13 18:52:12,10000,Airtel
AIR_user_11_0016,user_11,2025-08-25 02:33:07,5000,Airtel
AIR_user_11_0017,user_11,2025-09-16 13:33:15,20000,Airtel
AIR_user_11_0018,user_11,2025-09-21 05:58:14,20000,Airtel
AIR_user_11_0019,user_11,2025-09-22 01:29:55,20000,Airtel
AIR_user_12_0000,user_12,2025-05-23 07:17:22,100000,MTN
AIR_user_12_0001,user_12,2025-05-31 05:51:55,50000,MTN
AIR_user_12_0002,user_12,2025-06-10 03:01:35,50000,MTN
AIR_user_12_0003,user_12,2025-06-23 00:58:54,10000,Airtel
AIR_user_12_0004,user_12,2025-06-27 11:44:33,5000,Airtel
AIR_user_12_0005,user_12,2025-07-02 08:52:53,20000,Airtel
AIR_user_12_0006,user_12,2025-07-03 07:15:35,5000,Airtel
AIR_user_12_0007,user_12,2025-07-06 17:01:58,5000,MTN
AIR_user_12_0008,user_12,2025-07-13 22:14:53,10000,Airtel
AIR_user_12_0009,user_12,2025-07-24 12:55:38,100000,Airtel
AIR_user_12_0010,user_12,2025-07-26 06:04:07,10000,MTN
AIR_user_13_0000,user_13,2025-05-17 01:24:44,50000,Airtel
AIR_user_13_0001,user_13,2025-05-20 01:05:55,10000,MTN
AIR_user_13_0002,user_13,2025-06-05 03:39:11,50000,Airtel
AIR_user_13_0003,user_13,2025-06-05 07:21:36,10000,MTN
AIR_user_13_0004,user_13,2025-06-12 22:28:59,5000,MTN
AIR_user_13_0005,user_13,2025-07-06 02:09:09,5000,Airtel
AIR_user_13_0006,user_13,2025-07-11 20:08:29,20000,Airtel
AIR_user_13_0007,user_13,2025-07-31 04:07:30,20000,MTN
AIR_user_13_0008,user_13,2025-07-31 13:08:31,10000,Airtel
AIR_user_13_0009,user_13,2025-08-04 08:18:25,5000,MTN
AIR_user_13_0010,user_13,2025-08-06 10:55:42,100000,Airtel
AIR_user_14_0000,user_14,2025-05-26 05:51:30,10000,MTN
AIR_user_14_0001,user_14,2025-05-30 16:55:35,20000,Airtel
AIR_user_14_0002,user_14,2025-06-26 18:47:28,20000,Airtel
AIR_user_14_0003,user_14,2025-07-03 19:43:01,20000,Airtel
AIR_user_14_0004,user_14,2025-07-04 18:23:35,50000,Airtel
AIR_user_14_0005,user_14,2025-07-12 15:49:23,10000,MTN
AIR_user_14_0006,user_14,2025-07-15 09:52:49,10000,MTN
AIR_user_14_0007,user_14,2025-07-23 12:39:37,100000,MTN
AIR_user_14_0008,user_14,2025-07-24 00:47:14,10000,MTN
AIR_user_14_0009,user_14,2025-07-25 09:04:54,10000,Airtel
AIR_user_15_0000,user_15,2025-05-13 16:05:08,20000,MTN
AIR_user_15_0001,user_15,2025-05-15 22:46:00,10000,MTN
AIR_user_15_0002,user_15,2025-05-27 19:47:04,100000,Airtel
AIR_user_15_0003,user_15,2025-05-30 04:02:28,100000,MTN
AIR_user_15_0004,user_15,2025-06-11 02:27:42,10000,Airtel
AIR_user_15_0005,user_15,2025-06-16 09:52:42,100000,MTN
AIR_user_15_0006,user_15,2025-07-01 05:53:25,100000,MTN
AIR_user_15_0007,user_15,2025-07-07 05:33:18,50000,MTN
AIR_user_15_0008,user_15,2025-07-07 10:36:53,20000,MTN
AIR_user_15_0009,user_15,2025-07-15 07:39:09,10000,Airtel
AIR_user_15_0010,user_15,2025-07-15 15:21:43,20000,MTN
AIR_user_15_0011,user_15,2025-07-19 19:58:52,5000,Airtel
AIR_user_15_0012,user_15,2025-08-07 09:21:59,50000,MTN
AIR_user_15_0013,user_15,2025-08-08 15:42:07,20000,MTN
AIR_user_15_0014,user_15,2025-08-12 02:42:31,10000,MTN
AIR_user_15_0015,user_15,2025-08-21 06:35:23,20000,Airtel
AIR_user_15_0016,user_15,2025-09-05 05:59:10,5000,MTN
AIR_user_15_0017,user_15,2025-09-13 00:43:19,5000,Airtel
AIR_user_15_0018,user_15,2025-09-15 02:53:37,50000,Airtel
AIR_user_15_0019,user_15,2025-09-22 23:30:40,10000,Airtel
AIR_user_16_0000,user_16,2025-05-18 20:41:13,20000,Airtel
AIR_user_16_0001,user_16,2025-05-20 03:01:49,50000,MTN
AIR_user_16_0002,user_16,2025-05-26 05:58:06,10000,Airtel
AIR_user_16_0003,user_16,2025-07-22 08:39:09,10000,Airtel
AIR_user_16_0004,user_16,2025-07-23 12:03:31,50000,Airtel
AIR_user_16_0005,user_16,2025-08-04 09:08:42,5000,MTN
AIR_user_16_0006,user_16,2025-08-06 00:10:30,5000,Airtel
AIR_user_16_0007,user_16,2025-08-16 16:22:56,100000,Airtel
AIR_user_16_0008,user_16,2025-08-25 23:13:23,10000,MTN
AIR_user_16_0009,user_16,2025-08-28 11:15:43,10000,MTN
AIR_user_16_0010,user_16,2025-08-31 05:29:53,10000,MTN
AIR_user_16_0011,user_16,2025-09-11 05:42:59,10000,MTN
AIR_user_16_0012,user_16,2025-09-15 13:41:09,50000,MTN
AIR_user_16_0013,user_16,2025-09-24 18:09:49,20000,MTN
AIR_user_16_0014,user_16,2025-09-25 21:04:08,20000,Airtel
AIR_user_16_0015,user_16,2025-10-09 06:40:28,50000,Airtel
AIR_user_17_0000,user_17,2025-05-13 20:58:15,5000,Airtel
AIR_user_17_0001,user_17,2025-05-21 21:46:31,100000,Airtel
AIR_user_17_0002,user_17,2025-05-23 20:18:30,10000,MTN
AIR_user_17_0003,user_17,2025-06-01 14:34:36,5000,Airtel
AIR_user_17_0004,user_17,2025-06-13 17:02:44,20000,Airtel
AIR_user_17_0005,user_17,2025-06-25 02:47:23,100000,Airtel
AIR_user_17_0006,user_17,2025-06-30 17:52:31,50000,MTN
AIR_user_17_0007,user_17,2025-07-05 21:14:29,20000,Airtel
AIR_user_17_0008,user_17,2025-07-06 23:08:33,20000,MTN
AIR_user_17_0009,user_17,2025-07-17 09:59:57,10000,Airtel
AIR_user_17_0010,user_17,2025-07-19 15:11:43,5000,MTN
AIR_user_17_0011,user_17,2025-07-24 10:32:14,10000,MTN
AIR_user_17_0012,user_17,2025-07-26 18:43:34,10000,MTN
AIR_user_17_0013,user_17,2025-07-27 18:51:47,100000,MTN
AIR_user_17_0014,user_17,2025-08-03 17:41:49,5000,Airtel
AIR_user_18_0000,user_18,2025-05-14 18:09:15,20000,Airtel
AIR_user_18_0001,user_18,2025-05-18 18:13:17,5000,MTN
AIR_user_18_0002,user_18,2025-05-21 14:01:44,100000,Airtel
AIR_user_18_0003,user_18,2025-05-24 12:17:43,50000,MTN
AIR_user_18_0004,user_18,2025-06-02 21:58:33,5000,Airtel
AIR_user_18_0005,user_18,2025-06-04 16:25:18,50000,Airtel
AIR_user_18_0006,user_18,2025-06-11 20:55:45,5000,Airtel
AIR_user_18_0007,user_18,2025-06-17 18:58:13,50000,Airtel
AIR_user_18_0008,user_18,2025-06-23 16:00:49,5000,Airtel
AIR_user_18_0009,user_18,2025-07-01 06:44:46,5000,MTN
AIR_user_18_0010,user_18,2025-07-06 20:17:33,50000,Airtel
AIR_user_19_0000,user_19,2025-05-19 10:14:00,5000,Airtel
AIR_user_19_0001,user_19,2025-05-24 12:23:19,20000,Airtel
AIR_user_19_0002,user_19,2025-06-03 11:17:23,5000,Airtel
AIR_user_19_0003,user_19,2025-06-05 19:03:43,100000,Airtel
AIR_user_19_0004,user_19,2025-06-08 20:13:25,50000,MTN
AIR_user_19_0005,user_19,2025-06-24 13:25:06,20000,MTN
AIR_user_19_0006,user_19,2025-07-15 01:11:53,20000,MTN
AIR_user_19_0007,user_19,2025-07-30 15:58:25,5000,MTN
AIR_user_19_0008,user_19,2025-08-03 11:19:41,100000,MTN
AIR_user_19_0009,user_19,2025-08-14 01:58:51,5000,MTN
AIR_user_19_0010,user_19,2025-08-18 14:39:39,10000,Airtel
AIR_user_19_0011,user_19,2025-08-23 10:17:05,5000,MTN
AIR_user_19_0012,user_19,2025-08-25 00:45:31,100000,Airtel
AIR_user_19_0013,user_19,2025-08-31 07:00:39,5000,MTN
AIR_user_19_0014,user_19,2025-09-01 17:36:45,5000,Airtel
AIR_user_19_0015,user_19,2025-09-04 13:17:08,20000,MTN
AIR_user_19_0016,user_19,2025-09-18 01:43:56,5000,MTN
AIR_user_20_0000,user_20,2025-05-13 18:14:37,50000,MTN
AIR_user_20_0001,user_20,2025-05-17 00:54:52,100000,MTN
AIR_user_20_0002,user_20,2025-06-06 06:30:34,50000,MTN
AIR_user_20_0003,user_20,2025-06-13 10:57:30,10000,MTN
AIR_user_20_0004,user_20,2025-06-21 05:58:06,100000,Airtel
AIR_user_20_0005,user_20,2025-06-28 06:02:32,10000,MTN
AIR_user_20_0006,user_20,2025-06-29 19:19:07,10000,MTN
AIR_user_20_0007,user_20,2025-07-03 14:21:04,20000,MTN
AIR_user_20_0008,user_20,2025-07-13 07:52:52,10000,Airtel
AIR_user_20_0009,user_20,2025-07-14 01:50:18,20000,MTN
AIR_user_20_0010,user_20,2025-07-16 08:31:36,50000,Airtel
AIR_user_20_0011,user_20,2025-07-18 14:51:31,50000,MTN
AIR_user_20_0012,user_20,2025-07-22 13:53:27,100000,MTN
AIR_user_20_0013,user_20,2025-08-19 02:14:13,50000,MTN
AIR_user_20_0014,user_20,2025-08-19 13:58:42,10000,MTN
AIR_user_20_0015,user_20,2025-08-24 16:49:52,10000,MTN
AIR_user_20_0016,user_20,2025-08-26 02:02:26,10000,MTN
AIR_user_20_0017,user_20,2025-09-19 18:58:28,100000,MTN
AIR_user_20_0018,user_20,2025-09-20 15:10:37,5000,MTN
AIR_user_20_0019,user_20,2025-09-24 06:00:25,20000,MTN
AIR_user_21_0000,user_21,2025-05-17 06:46:42,100000,Airtel
AIR_user_21_0001,user_21,2025-05-26 17:29:31,50000,MTN
AIR_user_21_0002,user_21,2025-06-09 15:24:15,100000,Airtel
AIR_user_21_0003,user_21,2025-06-14 22:55:28,50000,MTN
AIR_user_21_0004,user_21,2025-06-25 20:39:35,50000,MTN
AIR_user_21_0005,user_21,2025-06-28 07:48:42,100000,Airtel
AIR_user_21_0006,user_21,2025-07-03 18:46:10,20000,MTN
AIR_user_21_0007,user_21,2025-07-06 17:54:45,5000,MTN
AIR_user_21_0008,user_21,2025-07-10 11:45:19,50000,MTN
AIR_user_21_0009,user_21,2025-07-19 17:13:56,20000,Airtel
AIR_user_21_0010,user_21,2025-08-03 15:46:49,100000,Airtel
AIR_user_21_0011,user_21,2025-08-04 13:32:31,10000,Airtel
AIR_user_21_0012,user_21,2025-08-11 14:41:46,10000,Airtel
AIR_user_21_0013,user_21,2025-08-17 17:17:45,50000,Airtel
AIR_user_21_0014,user_21,2025-08-18 14:28:10,20000,MTN
AIR_user_21_0015,user_21,2025-08-20 06:28:27,50000,Airtel
AIR_user_22_0000,user_22,2025-05-23 07:10:04,50000,MTN
AIR_user_22_0001,user_22,2025-05-23 09:38:37,100000,MTN
AIR_user_22_0002,user_22,2025-05-25 00:39:34,100000,Airtel
AIR_user_22_0003,user_22,2025-06-02 18:30:27,100000,Airtel
AIR_user_22_0004,user_22,2025-06-06 04:37:16,100000,Airtel
AIR_user_22_0005,user_22,2025-06-13 19:05:35,20000,Airtel
AIR_user_22_0006,user_22,2025-06-16 18:40:53,100000,MTN
AIR_user_22_0007,user_22,2025-06-20 05:55:52,5000,Airtel
AIR_user_22_0008,user_22,2025-06-21 10:57:31,20000,Airtel
AIR_user_22_0009,user_22,2025-06-23 13:08:35,50000,Airtel
AIR_user_22_0010,user_22,2025-06-30 01:22:06,10000,Airtel
AIR_user_22_0011,user_22,2025-07-04 00:44:21,5000,MTN
AIR_user_22_0012,user_22,2025-07-14 10:49:02,100000,MTN
AIR_user_22_0013,user_22,2025-07-27 20:27:14,20000,Airtel
AIR_user_22_0014,user_22,2025-08-02 07:30:47,50000,MTN
AIR_user_22_0015,user_22,2025-08-12 06:03:36,50000,Airtel
AIR_user_22_0016,user_22,2025-08-14 19:38:49,20000,MTN
AIR_user_22_0017,user_22,2025-08-18 13:42:38,50000,Airtel
AIR_user_22_0018,user_22,2025-08-27 07:17:26,100000,MTN
AIR_user_23_0000,user_23,2025-05-13 23:18:06,10000,MTN
AIR_user_23_0001,user_23,2025-05-20 12:08:21,5000,Airtel
AIR_user_23_0002,user_23,2025-06-04 09:42:40,50000,Airtel
AIR_user_23_0003,user_23,2025-06-19 10:02:48,5000,Airtel
AIR_user_23_0004,user_23,2025-06-26 22:48:56,10000,MTN
AIR_user_23_0005,user_23,2025-06-28 14:40:45,5000,MTN
AIR_user_23_0006,user_23,2025-07-12 12:37:17,50000,MTN
AIR_user_23_0007,user_23,2025-07-27 17:34:50,50000,MTN
AIR_user_23_0008,user_23,2025-07-29 06:22:03,20000,Airtel
AIR_user_23_0009,user_23,2025-08-07 15:01:15,20000,MTN
AIR_user_23_0010,user_23,2025-08-09 23:44:16,100000,Airtel
AIR_user_23_0011,user_23,2025-08-21 08:21:21,100000,MTN
AIR_user_23_0012,user_23,2025-10-01 14:10:20,5000,Airtel
AIR_user_23_0013,user_23,2025-10-01 19:17:38,5000,MTN
AIR_user_23_0014,user_23,2025-10-17 17:45:36,100000,MTN
AIR_user_23_0015,user_23,2025-10-24 13:28:52,5000,MTN
AIR_user_23_0016,user_23,2025-11-18 22:40:53,100000,Airtel
AIR_user_23_0017,user_23,2025-11-23 07:45:59,10000,MTN
AIR_user_23_0018,user_23,2025-12-06 11:34:56,100000,MTN
AIR_user_24_0000,user_24,2025-05-13 12:42:23,20000,Airtel
AIR_user_24_0001,user_24,2025-05-17 16:50:58,10000,Airtel
AIR_user_24_0002,user_24,2025-05-19 14:23:55,5000,Airtel
AIR_user_24_0003,user_24,2025-05-19 22:56:51,50000,MTN
AIR_user_24_0004,user_24,2025-05-28 23:35:16,100000,Airtel
AIR_user_24_0005,user_24,2025-05-29 19:27:59,10000,MTN
AIR_user_24_0006,user_24,2025-06-05 08:56:03,20000,Airtel
AIR_user_24_0007,user_24,2025-06-07 16:22:05,10000,MTN
AIR_user_24_0008,user_24,2025-06-09 00:22:50,50000,MTN
AIR_user_24_0009,user_24,2025-06-12 08:37:24,50000,MTN
AIR_user_24_0010,user_24,2025-06-23 16:13:40,100000,MTN
AIR_user_24_0011,user_24,2025-06-27 03:50:49,50000,Airtel
AIR_user_24_0012,user_24,2025-07-06 21:15:45,100000,Airtel
AIR_user_24_0013,user_24,2025-07-07 19:47:21,50000,MTN
AIR_user_24_0014,user_24,2025-07-18 04:43:53,10000,MTN
AIR_user_24_0015,user_24,2025-07-20 02:09:37,100000,MTN
AIR_user_24_0016,user_24,2025-07-28 00:13:20,10000,Airtel
AIR_user_24_0017,user_24,2025-08-02 20:22:08,100000,MTN
AIR_user_24_0018,user_24,2025-08-21 09:05:04,50000,MTN
AIR_user_24_0019,user_24,2025-08-24 19:23:25,100000,MTN
AIR_user_24_0020,user_24,2025-08-25 06:53:27,20000,MTN
AIR_user_25_0000,user_25,2025-05-16 23:10:37,100000,Airtel
AIR_user_25_0001,user_25,2025-05-29 12:30:22,5000,MTN
AIR_user_25_0002,user_25,2025-06-10 07:41:27,20000,Airtel
AIR_user_25_0003,user_25,2025-06-16 22:40:18,50000,MTN
AIR_user_25_0004,user_25,2025-06-20 05:13:05,10000,MTN
AIR_user_25_0005,user_25,2025-06-22 06:44:54,20000,Airtel
AIR_user_25_0006,user_25,2025-06-23 01:32:57,50000,Airtel
AIR_user_25_0007,user_25,2025-06-26 03:11:29,5000,MTN
AIR_user_25_0008,user_25,2025-06-29 20:44:22,50000,MTN
AIR_user_25_0009,user_25,2025-07-07 17:59:08,50000,Airtel
AIR_user_25_0010,user_25,2025-07-15 06:19:08,50000,Airtel
AIR_user_25_0011,user_25,2025-07-15 18:31:49,5000,Airtel
AIR_user_26_0000,user_26,2025-05-15 15:35:14,100000,Airtel
AIR_user_26_0001,user_26,2025-05-18 11:22:09,100000,MTN
AIR_user_26_0002,user_26,2025-05-26 01:59:48,10000,MTN
AIR_user_26_0003,user_26,2025-06-09 09:34:30,100000,Airtel
AIR_user_26_0004,user_26,2025-06-19 08:41:33,5000,Airtel
AIR_user_26_0005,user_26,2025-06-28 11:07:49,20000,MTN
AIR_user_26_0006,user_26,2025-07-03 02:24:52,50000,MTN
AIR_user_26_0007,user_26,2025-07-11 09:14:54,20000,Airtel
AIR_user_26_0008,user_26,2025-07-17 00:25:56,5000,MTN
AIR_user_26_0009,user_26,2025-07-18 17:22:05,100000,Airtel
AIR_user_26_0010,user_26,2025-07-20 08:40:10,20000,Airtel
AIR_user_26_0011,user_26,2025-07-22 19:43:38,5000,MTN
AIR_user_26_0012,user_26,2025-08-08 17:46:01,10000,MTN
AIR_user_26_0013,user_26,2025-08-14 06:57:14,100000,MTN
AIR_user_26_0014,user_26,2025-08-23 13:22:11,10000,MTN
AIR_user_26_0015,user_26,2025-08-26 12:51:15,50000,Airtel
AIR_user_26_0016,user_26,2025-08-30 04:50:50,50000,Airtel
AIR_user_26_0017,user_26,2025-08-31 03:23:21,10000,MTN
AIR_user_26_0018,user_26,2025-09-01 10:57:18,20000,Airtel
AIR_user_26_0019,user_26,2025-09-13 18:03:05,100000,Airtel
AIR_user_26_0020,user_26,2025-09-19 21:44:17,50000,Airtel
AIR_user_26_0021,user_26,2025-09-22 18:55:04,5000,MTN
AIR_user_26_0022,user_26,2025-10-04 03:42:56,100000,Airtel
AIR_user_27_0000,user_27,2025-05-17 16:11:08,20000,Airtel
AIR_user_27_0001,user_27,2025-05-22 12:17:20,5000,Airtel
AIR_user_27_0002,user_27,2025-05-25 04:39:05,100000,Airtel
AIR_user_27_0003,user_27,2025-06-09 22:07:02,50000,MTN
AIR_user_27_0004,user_27,2025-06-17 04:03:30,100000,MTN
AIR_user_27_0005,user_27,2025-06-19 13:11:01,100000,Airtel
AIR_user_27_0006,user_27,2025-06-22 00:48:47,10000,Airtel
AIR_user_27_0007,user_27,2025-07-07 13:28:42,100000,MTN
AIR_user_27_0008,user_27,2025-07-07 15:47:04,5000,MTN
AIR_user_27_0009,user_27,2025-07-10 09:15:03,5000,Airtel
AIR_user_27_0010,user_27,2025-07-16 01:02:04,5000,MTN
AIR_user_27_0011,user_27,2025-07-17 03:59:09,50000,Airtel
AIR_user_27_0012,user_27,2025-07-17 20:13:04,10000,Airtel
AIR_user_27_0013,user_27,2025-07-29 15:57:07,20000,MTN
AIR_user_27_0014,user_27,2025-08-14 09:38:21,5000,MTN
AIR_user_27_0015,user_27,2025-08-26 13:07:32,100000,MTN
AIR_user_27_0016,user_27,2025-09-11 13:56:09,5000,MTN
AIR_user_27_0017,user_27,2025-09-17 05:15:03,100000,MTN
AIR_user_28_0000,user_28,2025-05-13 10:38:25,10000,MTN
AIR_user_28_0001,user_28,2025-05-15 05:49:45,5000,Airtel
AIR_user_28_0002,user_28,2025-05-21 02:24:23,20000,MTN
AIR_user_28_0003,user_28,2025-05-24 03:10:37,50000,Airtel
AIR_user_28_0004,user_28,2025-05-30 17:31:48,20000,Airtel
AIR_user_28_0005,user_28,2025-05-30 21:37:49,5000,MTN
AIR_user_28_0006,user_28,2025-05-31 18:25:53,5000,MTN
AIR_user_28_0007,user_28,2025-06-01 17:16:04,10000,MTN
AIR_user_28_0008,user_28,2025-06-03 04:31:13,50000,MTN
AIR_user_28_0009,user_28,2025-06-07 11:49:54,5000,MTN
AIR_user_28_0010,user_28,2025-06-17 06:09:57,50000,Airtel
AIR_user_28_0011,user_28,2025-07-03 18:34:23,50000,MTN
AIR_user_28_0012,user_28,2025-07-16 09:39:24,20000,MTN
AIR_user_28_0013,user_28,2025-07-17 22:29:33,5000,Airtel
AIR_user_29_0000,user_29,2025-05-21 14:19:53,5000,MTN
AIR_user_29_0001,user_29,2025-05-22 15:40:02,20000,MTN
AIR_user_29_0002,user_29,2025-05-26 09:58:29,10000,Airtel
AIR_user_29_0003,user_29,2025-05-31 23:35:52,10000,MTN
AIR_user_29_0004,user_29,2025-06-04 14:11:07,100000,MTN
AIR_user_29_0005,user_29,2025-06-09 17:21:22,20000,Airtel
AIR_user_29_0006,user_29,2025-07-19 08:39:45,100000,MTN
AIR_user_29_0007,user_29,2025-07-20 09:04:09,50000,Airtel
AIR_user_29_0008,user_29,2025-07-28 06:07:31,50000,Airtel
AIR_user_29_0009,user_29,2025-07-31 18:49:40,5000,Airtel
AIR_user_29_0010,user_29,2025-08-01 18:48:22,10000,MTN
AIR_user_29_0011,user_29,2025-08-02 23:50:42,5000,MTN
AIR_user_29_0012,user_29,2025-08-23 20:42:12,100000,Airtel
AIR_user_29_0013,user_29,2025-09-07 16:21:02,50000,Airtel
AIR_user_30_0000,user_30,2025-05-14 21:39:32,10000,Airtel
AIR_user_30_0001,user_30,2025-05-25 14:38:20,50000,MTN
AIR_user_30_0002,user_30,2025-06-11 09:47:05,20000,MTN
AIR_user_30_0003,user_30,2025-06-14 15:28:07,5000,Airtel
AIR_user_30_0004,user_30,2025-06-24 09:13:39,20000,Airtel
AIR_user_30_0005,user_30,2025-07-10 07:05:18,20000,MTN
AIR_user_30_0006,user_30,2025-07-23 09:31:07,20000,Airtel
AIR_user_30_0007,user_30,2025-07-24 19:26:09,100000,MTN
AIR_user_30_0008,user_30,2025-08-15 17:18:47,100000,MTN
AIR_user_30_0009,user_30,2025-08-19 00:43:30,10000,MTN
AIR_user_30_0010,user_30,2025-08-21 22:20:18,100000,MTN
AIR_user_30_0011,user_30,2025-08-22 09:10:07,100000,Airtel
AIR_user_30_0012,user_30,2025-08-27 01:02:05,20000,Airtel
AIR_user_30_0013,user_30,2025-08-27 20:25:35,20000,Airtel
AIR_user_30_0014,user_30,2025-08-29 20:25:48,5000,Airtel
AIR_user_30_0015,user_30,2025-09-01 12:28:04,10000,MTN
AIR_user_30_0016,user_30,2025-09-13 02:26:10,10000,Airtel
AIR_user_30_0017,user_30,2025-09-27 16:26:25,20000,Airtel
AIR_user_30_0018,user_30,2025-09-30 04:57:16,50000,Airtel
AIR_user_30_0019,user_30,2025-10-13 21:42:23,10000,MTN
AIR_user_30_0020,user_30,2025-10-27 12:43:23,10000,MTN
AIR_user_30_0021,user_30,2025-11-06 15:45:58,100000,MTN
AIR_user_30_0022,user_30,2025-11-07 18:25:03,10000,MTN
AIR_user_31_0000,user_31,2025-05-16 03:46:38,10000,MTN
AIR_user_31_0001,user_31,2025-05-16 22:45:07,20000,MTN
AIR_user_31_0002,user_31,2025-06-07 09:52:35,5000,Airtel
AIR_user_31_0003,user_31,2025-06-07 20:18:43,5000,Airtel
AIR_user_31_0004,user_31,2025-06-10 07:40:13,10000,MTN
AIR_user_31_0005,user_31,2025-06-12 19:07:42,100000,Airtel
AIR_user_31_0006,user_31,2025-06-15 12:01:08,5000,Airtel
AIR_user_31_0007,user_31,2025-06-16 18:10:11,50000,Airtel
AIR_user_31_0008,user_31,2025-06-27 10:58:30,20000,MTN
AIR_user_31_0009,user_31,2025-06-28 08:55:42,50000,MTN
AIR_user_31_0010,user_31,2025-07-05 10:12:20,20000,Airtel
AIR_user_31_0011,user_31,2025-07-06 08:25:03,100000,Airtel
AIR_user_32_0000,user_32,2025-05-27 23:59:13,50000,MTN
AIR_user_32_0001,user_32,2025-06-06 03:15:12,20000,MTN
AIR_user_32_0002,user_32,2025-06-08 15:31:34,20000,Airtel
AIR_user_32_0003,user_32,2025-06-15 01:12:00,20000,Airtel
AIR_user_32_0004,user_32,2025-06-16 14:57:13,5000,MTN
AIR_user_32_0005,user_32,2025-07-02 02:08:15,5000,MTN
AIR_user_32_0006,user_32,2025-07-02 22:38:38,20000,Airtel
AIR_user_32_0007,user_32,2025-07-02 23:17:23,20000,Airtel
AIR_user_32_0008,user_32,2025-07-07 20:24:53,5000,MTN
AIR_user_32_0009,user_32,2025-07-13 23:24:38,50000,Airtel
AIR_user_32_0010,user_32,2025-07-20 00:44:14,5000,Airtel
AIR_user_32_0011,user_32,2025-07-20 10:09:16,20000,Airtel
AIR_user_32_0012,user_32,2025-07-23 01:28:50,5000,MTN
AIR_user_32_0013,user_32,2025-07-27 21:39:37,20000,MTN
AIR_user_32_0014,user_32,2025-07-29 14:40:00,10000,Airtel
AIR_user_32_0015,user_32,2025-08-13 00:51:07,20000,Airtel
AIR_user_32_0016,user_32,2025-08-13 16:09:48,5000,Airtel
AIR_user_32_0017,user_32,2025-08-18 08:25:33,5000,Airtel
AIR_user_32_0018,user_32,2025-08-26 13:57:14,50000,Airtel
AIR_user_32_0019,user_32,2025-08-28 16:56:15,20000,Airtel
AIR_user_32_0020,user_32,2025-09-04 13:22:37,5000,MTN
AIR_user_32_0021,user_32,2025-09-16 22:27:33,20000,MTN
AIR_user_33_0000,user_33,2025-05-13 18:22:22,100000,Airtel
AIR_user_33_0001,user_33,2025-05-15 02:36:28,20000,Airtel
AIR_user_33_0002,user_33,2025-05-23 17:05:11,10000,MTN
AIR_user_33_0003,user_33,2025-06-01 10:04:56,20000,Airtel
AIR_user_33_0004,user_33,2025-06-17 10:10:33,10000,Airtel
AIR_user_33_0005,user_33,2025-06-23 12:59:38,5000,Airtel
AIR_user_33_0006,user_33,2025-06-24 11:15:21,5000,MTN
AIR_user_33_0007,user_33,2025-06-25 09:00:08,50000,Airtel
AIR_user_33_0008,user_33,2025-07-04 07:32:29,20000,Airtel
AIR_user_33_0009,user_33,2025-07-05 17:39:30,20000,Airtel
AIR_user_33_0010,user_33,2025-07-08 12:32:03,100000,Airtel
AIR_user_33_0011,user_33,2025-07-13 04:44:25,100000,Airtel
AIR_user_33_0012,user_33,2025-07-13 08:57:11,50000,MTN
AIR_user_33_0013,user_33,2025-07-15 09:01:09,20000,Airtel
AIR_user_33_0014,user_33,2025-07-19 01:03:42,10000,Airtel
AIR_user_33_0015,user_33,2025-07-21 08:09:56,5000,MTN
AIR_user_33_0016,user_33,2025-07-22 08:47:47,10000,MTN
AIR_user_33_0017,user_33,2025-07-31 11:31:55,10000,MTN
AIR_user_33_0018,user_33,2025-08-12 05:20:29,5000,Airtel
AIR_user_33_0019,user_33,2025-08-14 07:21:20,20000,MTN
AIR_user_33_0020,user_33,2025-08-24 17:31:15,50000,Airtel
AIR_user_34_0000,user_34,2025-05-15 01:09:33,5000,Airtel
AIR_user_34_0001,user_34,2025-05-21 23:02:52,50000,MTN
AIR_user_34_0002,user_34,2025-06-08 23:14:53,50000,Airtel
AIR_user_34_0003,user_34,2025-07-20 23:02:13,5000,MTN
AIR_user_34_0004,user_34,2025-07-21 04:34:45,10000,MTN
AIR_user_34_0005,user_34,2025-07-23 01:42:44,50000,Airtel
AIR_user_34_0006,user_34,2025-07-25 16:07:33,50000,MTN
AIR_user_34_0007,user_34,2025-07-29 05:42:00,50000,MTN
AIR_user_34_0008,user_34,2025-07-31 04:18:18,10000,Airtel
AIR_user_34_0009,user_34,2025-08-01 18:31:38,100000,Airtel
AIR_user_35_0000,user_35,2025-05-14 12:39:25,20000,MTN
AIR_user_35_0001,user_35,2025-05-18 13:56:07,5000,Airtel
AIR_user_35_0002,user_35,2025-05-23 13:56:09,50000,MTN
AIR_user_35_0003,user_35,2025-05-25 16:14:52,100000,Airtel
AIR_user_35_0004,user_35,2025-05-28 08:09:57,10000,MTN
AIR_user_35_0005,user_35,2025-05-28 23:27:04,100000,Airtel
AIR_user_35_0006,user_35,2025-05-31 12:08:49,100000,Airtel
AIR_user_35_0007,user_35,2025-06-24 07:00:13,10000,MTN
AIR_user_35_0008,user_35,2025-07-14 13:22:59,5000,Airtel
AIR_user_35_0009,user_35,2025-07-17 09:53:28,10000,Airtel
AIR_user_35_0010,user_35,2025-07-23 08:00:43,50000,MTN
AIR_user_35_0011,user_35,2025-08-09 03:47:36,5000,Airtel
AIR_user_35_0012,user_35,2025-08-09 04:50:07,20000,Airtel
AIR_user_35_0013,user_35,2025-08-20 20:26:37,5000,MTN
AIR_user_35_0014,user_35,2025-09-10 14:20:09,5000,Airtel
AIR_user_35_0015,user_35,2025-09-11 06:25:30,20000,MTN
AIR_user_35_0016,user_35,2025-09-12 12:00:22,50000,Airtel
AIR_user_36_0000,user_36,2025-05-15 09:41:00,20000,Airtel
AIR_user_36_0001,user_36,2025-05-30 02:41:14,10000,Airtel
AIR_user_36_0002,user_36,2025-05-30 18:27:05,5000,Airtel
AIR_user_36_0003,user_36,2025-06-08 13:33:03,50000,Airtel
AIR_user_36_0004,user_36,2025-06-10 18:41:07,5000,MTN
AIR_user_36_0005,user_36,2025-06-20 18:40:15,5000,MTN
AIR_user_36_0006,user_36,2025-06-29 17:58:56,20000,MTN
AIR_user_36_0007,user_36,2025-06-29 19:13:43,10000,Airtel
AIR_user_36_0008,user_36,2025-07-04 18:46:31,5000,MTN
AIR_user_36_0009,user_36,2025-07-05 19:58:50,20000,Airtel
AIR_user_36_0010,user_36,2025-07-19 21:55:53,10000,MTN
AIR_user_36_0011,user_36,2025-08-03 06:45:02,100000,Airtel
AIR_user_36_0012,user_36,2025-08-07 01:47:10,10000,MTN
AIR_user_36_0013,user_36,2025-08-11 04:31:10,5000,Airtel
AIR_user_36_0014,user_36,2025-08-13 17:13:50,50000,MTN
AIR_user_36_0015,user_36,2025-08-22 13:03:54,20000,MTN
AIR_user_37_0000,user_37,2025-06-01 04:56:45,50000,Airtel
AIR_user_37_0001,user_37,2025-06-14 21:06:52,5000,Airtel
AIR_user_37_0002,user_37,2025-06-16 04:32:22,50000,MTN
AIR_user_37_0003,user_37,2025-06-20 04:58:45,5000,MTN
AIR_user_37_0004,user_37,2025-06-24 13:44:52,50000,MTN
AIR_user_37_0005,user_37,2025-07-05 11:12:54,20000,Airtel
AIR_user_37_0006,user_37,2025-07-11 22:22:16,10000,MTN
AIR_user_37_0007,user_37,2025-07-19 08:46:46,100000,MTN
AIR_user_37_0008,user_37,2025-09-01 14:31:32,5000,MTN
AIR_user_37_0009,user_37,2025-09-02 03:36:57,5000,MTN
AIR_user_37_0010,user_37,2025-09-03 22:00:25,20000,MTN
AIR_user_37_0011,user_37,2025-09-07 14:03:04,100000,Airtel
AIR_user_37_0012,user_37,2025-09-10 13:51:02,10000,MTN
AIR_user_37_0013,user_37,2025-09-10 17:31:37,100000,Airtel
AIR_user_37_0014,user_37,2025-09-11 09:41:58,100000,Airtel
AIR_user_37_0015,user_37,2025-09-19 09:37:33,5000,Airtel
AIR_user_37_0016,user_37,2025-10-04 04:53:13,5000,Airtel
AIR_user_37_0017,user_37,2025-10-09 06:11:07,50000,Airtel
AIR_user_38_0000,user_38,2025-05-14 14:44:20,10000,Airtel
AIR_user_38_0001,user_38,2025-05-15 13:05:54,10000,MTN
AIR_user_38_0002,user_38,2025-05-18 17:37:49,20000,MTN
AIR_user_38_0003,user_38,2025-05-20 13:24:26,100000,Airtel
AIR_user_38_0004,user_38,2025-05-22 06:47:01,10000,MTN
AIR_user_38_0005,user_38,2025-05-22 16:13:59,50000,MTN
AIR_user_38_0006,user_38,2025-05-22 19:13:41,10000,Airtel
AIR_user_38_0007,user_38,2025-05-23 13:26:46,100000,Airtel
AIR_user_38_0008,user_38,2025-05-24 21:11:42,50000,Airtel
AIR_user_38_0009,user_38,2025-05-28 19:55:16,10000,Airtel
AIR_user_38_0010,user_38,2025-06-02 19:56:32,20000,Airtel
AIR_user_38_0011,user_38,2025-06-03 21:23:46,50000,Airtel
AIR_user_38_0012,user_38,2025-06-07 18:18:06,20000,Airtel
AIR_user_38_0013,user_38,2025-06-10 16:33:14,100000,MTN
AIR_user_39_0000,user_39,2025-05-15 02:18:02,50000,Airtel
AIR_user_39_0001,user_39,2025-05-16 08:30:28,50000,MTN
AIR_user_39_0002,user_39,2025-05-20 00:06:32,50000,MTN
AIR_user_39_0003,user_39,2025-06-07 06:51:47,5000,Airtel
AIR_user_39_0004,user_39,2025-06-15 23:04:14,5000,MTN
AIR_user_39_0005,user_39,2025-06-19 18:16:24,20000,Airtel
AIR_user_39_0006,user_39,2025-06-24 20:37:41,50000,Airtel
AIR_user_39_0007,user_39,2025-06-25 11:24:26,5000,MTN
AIR_user_39_0008,user_39,2025-07-24 16:16:25,100000,MTN
AIR_user_39_0009,user_39,2025-08-01 08:42:35,50000,MTN
AIR_user_39_0010,user_39,2025-08-03 17:09:51,50000,Airtel
AIR_user_39_0011,user_39,2025-08-09 21:14:38,10000,MTN
AIR_user_39_0012,user_39,2025-08-10 16:43:26,5000,MTN
AIR_user_39_0013,user_39,2025-09-03 07:59:35,10000,Airtel
AIR_user_39_0014,user_39,2025-09-04 16:16:04,5000,Airtel
AIR_user_39_0015,user_39,2025-09-11 23:41:42,10000,MTN
AIR_user_40_0000,user_40,2025-06-01 10:28:46,50000,MTN
AIR_user_40_0001,user_40,2025-06-10 12:00:52,10000,MTN
AIR_user_40_0002,user_40,2025-06-27 23:43:24,5000,MTN
AIR_user_40_0003,user_40,2025-07-14 17:12:04,100000,Airtel
AIR_user_40_0004,user_40,2025-07-21 05:04:12,50000,Airtel
AIR_user_40_0005,user_40,2025-07-26 11:06:57,50000,Airtel
AIR_user_40_0006,user_40,2025-08-01 04:03:59,20000,Airtel
AIR_user_40_0007,user_40,2025-08-27 23:49:10,50000,Airtel
AIR_user_40_0008,user_40,2025-09-07 09:03:17,100000,MTN
AIR_user_40_0009,user_40,2025-09-08 03:55:45,50000,MTN
AIR_user_41_0000,user_41,2025-05-16 16:25:01,100000,MTN
AIR_user_41_0001,user_41,2025-05-29 15:37:32,5000,Airtel
AIR_user_41_0002,user_41,2025-06-05 21:14:26,10000,Airtel
AIR_user_41_0003,user_41,2025-06-13 05:57:32,50000,MTN
AIR_user_41_0004,user_41,2025-06-27 08:39:28,20000,MTN
AIR_user_41_0005,user_41,2025-07-13 01:39:36,100000,MTN
AIR_user_41_0006,user_41,2025-07-30 17:32:51,50000,Airtel
AIR_user_41_0007,user_41,2025-07-31 10:17:21,20000,Airtel
AIR_user_41_0008,user_41,2025-08-05 22:15:35,10000,MTN
AIR_user_41_0009,user_41,2025-08-15 08:53:52,5000,Airtel
AIR_user_41_0010,user_41,2025-08-25 06:30:57,5000,Airtel
AIR_user_41_0011,user_41,2025-08-31 19:17:50,20000,MTN
AIR_user_41_0012,user_41,2025-09-02 01:57:06,20000,MTN
AIR_user_41_0013,user_41,2025-09-13 06:11:04,50000,Airtel
AIR_user_41_0014,user_41,2025-09-22 04:06:34,10000,Airtel
AIR_user_41_0015,user_41,2025-09-22 19:14:30,10000,MTN
AIR_user_41_0016,user_41,2025-09-27 03:57:02,100000,Airtel
AIR_user_41_0017,user_41,2025-09-28 12:03:39,20000,MTN
AIR_user_41_0018,user_41,2025-10-01 09:13:35,20000,Airtel
AIR_user_41_0019,user_41,2025-10-01 12:17:31,10000,Airtel
AIR_user_41_0020,user_41,2025-10-05 02:12:11,20000,Airtel
AIR_user_41_0021,user_41,2025-10-10 16:18:23,5000,Airtel
AIR_user_41_0022,user_41,2025-10-17 10:40:34,10000,MTN
AIR_user_41_0023,user_41,2025-10-25 01:38:58,10000,MTN
AIR_user_42_0000,user_42,2025-05-30 16:27:12,10000,MTN
AIR_user_42_0001,user_42,2025-06-06 09:00:31,100000,Airtel
AIR_user_42_0002,user_42,2025-06-07 20:58:07,20000,MTN
AIR_user_42_0003,user_42,2025-06-14 09:36:34,100000,Airtel
AIR_user_42_0004,user_42,2025-06-22 07:42:28,5000,Airtel
AIR_user_42_0005,user_42,2025-06-27 13:02:48,20000,Airtel
AIR_user_42_0006,user_42,2025-07-06 09:46:11,10000,Airtel
AIR_user_42_0007,user_42,2025-07-12 12:05:32,50000,MTN
AIR_user_42_0008,user_42,2025-08-02 04:02:37,20000,Airtel
AIR_user_42_0009,user_42,2025-08-02 13:18:57,10000,MTN
AIR_user_42_0010,user_42,2025-08-03 08:11:11,5000,Airtel
AIR_user_42_0011,user_42,2025-08-04 16:14:04,10000,Airtel
AIR_user_42_0012,user_42,2025-08-12 21:05:10,100000,MTN
AIR_user_43_0000,user_43,2025-05-13 12:40:47,50000,Airtel
AIR_user_43_0001,user_43,2025-05-26 03:37:57,100000,Airtel
AIR_user_43_0002,user_43,2025-05-29 08:01:24,10000,Airtel
AIR_user_43_0003,user_43,2025-06-11 05:36:07,50000,Airtel
AIR_user_43_0004,user_43,2025-06-16 21:29:06,10000,MTN
AIR_user_43_0005,user_43,2025-07-03 03:04:57,5000,MTN
AIR_user_43_0006,user_43,2025-07-21 08:56:28,10000,MTN
AIR_user_43_0007,user_43,2025-07-21 10:28:36,20000,MTN
AIR_user_43_0008,user_43,2025-07-21 23:38:57,10000,MTN
AIR_user_43_0009,user_43,2025-07-24 00:03:36,20000,Airtel
AIR_user_43_0010,user_43,2025-07-31 17:58:02,100000,MTN
AIR_user_43_0011,user_43,2025-08-16 02:10:16,50000,Airtel
AIR_user_43_0012,user_43,2025-08-20 09:40:20,20000,Airtel
AIR_user_43_0013,user_43,2025-08-26 22:33:49,50000,MTN
AIR_user_44_0000,user_44,2025-05-17 09:16:30,20000,MTN
AIR_user_44_0001,user_44,2025-05-21 01:33:35,10000,MTN
AIR_user_44_0002,user_44,2025-05-24 23:40:39,5000,MTN
AIR_user_44_0003,user_44,2025-05-31 03:39:25,20000,MTN
AIR_user_44_0004,user_44,2025-06-05 07:22:30,10000,Airtel
AIR_user_44_0005,user_44,2025-06-06 10:38:03,10000,Airtel
AIR_user_44_0006,user_44,2025-06-06 22:01:46,5000,MTN
AIR_user_44_0007,user_44,2025-06-16 01:38:03,10000,MTN
AIR_user_44_0008,user_44,2025-06-21 19:27:03,5000,Airtel
AIR_user_44_0009,user_44,2025-06-24 22:09:54,100000,Airtel
AIR_user_44_0010,user_44,2025-07-06 11:43:20,20000,MTN
AIR_user_45_0000,user_45,2025-05-15 21:13:20,50000,Airtel
AIR_user_45_0001,user_45,2025-05-19 10:36:56,10000,MTN
AIR_user_45_0002,user_45,2025-05-22 02:38:45,50000,Airtel
AIR_user_45_0003,user_45,2025-05-26 12:28:45,100000,Airtel
AIR_user_45_0004,user_45,2025-05-28 20:58:30,100000,Airtel
AIR_user_45_0005,user_45,2025-06-20 16:39:15,100000,MTN
AIR_user_45_0006,user_45,2025-06-23 07:41:13,50000,MTN
AIR_user_45_0007,user_45,2025-06-24 01:01:23,100000,Airtel
AIR_user_45_0008,user_45,2025-06-29 06:43:58,100000,MTN
AIR_user_45_0009,user_45,2025-06-29 16:36:37,5000,MTN
AIR_user_45_0010,user_45,2025-06-30 12:17:26,20000,MTN
AIR_user_45_0011,user_45,2025-07-02 05:54:02,10000,MTN
AIR_user_45_0012,user_45,2025-07-06 14:46:43,20000,Airtel
AIR_user_45_0013,user_45,2025-07-10 14:10:32,10000,MTN
AIR_user_45_0014,user_45,2025-07-21 20:18:09,5000,Airtel
AIR_user_45_0015,user_45,2025-07-31 06:16:19,20000,MTN
AIR_user_45_0016,user_45,2025-08-04 03:37:34,20000,Airtel
AIR_user_45_0017,user_45,2025-08-06 23:50:16,10000,Airtel
AIR_user_45_0018,user_45,2025-08-09 15:45:32,10000,MTN
AIR_user_46_0000,user_46,2025-05-26 15:44:53,10000,Airtel
AIR_user_46_0001,user_46,2025-06-10 08:57:55,100000,MTN
AIR_user_46_0002,user_46,2025-06-15 22:54:05,50000,MTN
AIR_user_46_0003,user_46,2025-06-23 10:15:50,50000,Airtel
AIR_user_46_0004,user_46,2025-06-26 19:10:52,10000,Airtel
AIR_user_46_0005,user_46,2025-06-29 02:47:18,10000,MTN
AIR_user_46_0006,user_46,2025-07-08 01:50:27,20000,Airtel
AIR_user_46_0007,user_46,2025-07-21 22:24:47,20000,MTN
AIR_user_46_0008,user_46,2025-07-29 08:45:07,5000,MTN
AIR_user_46_0009,user_46,2025-08-03 09:08:28,50000,Airtel
AIR_user_46_0010,user_46,2025-08-04 14:13:03,50000,Airtel
AIR_user_46_0011,user_46,2025-08-04 23:26:51,50000,MTN
AIR_user_46_0012,user_46,2025-08-09 02:34:24,5000,Airtel
AIR_user_46_0013,user_46,2025-08-09 11:04:32,5000,Airtel
AIR_user_47_0000,user_47,2025-05-20 18:45:22,5000,MTN
AIR_user_47_0001,user_47,2025-05-27 12:41:09,5000,MTN
AIR_user_47_0002,user_47,2025-05-30 02:59:15,20000,Airtel
AIR_user_47_0003,user_47,2025-05-30 18:03:25,20000,MTN
AIR_user_47_0004,user_47,2025-05-31 10:04:26,100000,Airtel
AIR_user_47_0005,user_47,2025-06-18 09:18:23,10000,Airtel
AIR_user_47_0006,user_47,2025-06-26 13:40:30,10000,Airtel
AIR_user_47_0007,user_47,2025-06-27 12:30:45,5000,Airtel
AIR_user_47_0008,user_47,2025-06-30 14:37:51,10000,Airtel
AIR_user_47_0009,user_47,2025-07-06 21:26:23,10000,Airtel
AIR_user_47_0010,user_47,2025-07-19 12:43:37,20000,MTN
AIR_user_47_0011,user_47,2025-07-19 20:13:37,50000,MTN
AIR_user_47_0012,user_47,2025-07-21 17:35:23,5000,MTN
AIR_user_47_0013,user_47,2025-08-06 04:01:44,100000,MTN
AIR_user_47_0014,user_47,2025-08-06 05:34:33,100000,Airtel
AIR_user_47_0015,user_47,2025-08-07 19:21:29,20000,MTN
AIR_user_47_0016,user_47,2025-08-30 04:04:48,20000,MTN
AIR_user_47_0017,user_47,2025-09-05 19:44:31,5000,MTN
AIR_user_47_0018,user_47,2025-09-07 22:42:27,5000,Airtel
AIR_user_47_0019,user_47,2025-09-08 10:21:24,5000,MTN
AIR_user_47_0020,user_47,2025-09-08 15:09:39,5000,MTN
AIR_user_47_0021,user_47,2025-09-10 14:19:07,100000,Airtel
AIR_user_48_0000,user_48,2025-05-13 18:08:24,5000,MTN
AIR_user_48_0001,user_48,2025-05-18 08:02:04,50000,MTN
AIR_user_48_0002,user_48,2025-05-23 16:48:32,50000,Airtel
AIR_user_48_0003,user_48,2025-05-24 23:56:07,20000,Airtel
AIR_user_48_0004,user_48,2025-05-27 17:19:59,20000,Airtel
AIR_user_48_0005,user_48,2025-05-31 18:48:32,5000,Airtel
AIR_user_48_0006,user_48,2025-06-13 07:42:00,50000,MTN
AIR_user_48_0007,user_48,2025-07-01 21:02:23,50000,Airtel
AIR_user_48_0008,user_48,2025-07-08 19:21:35,50000,Airtel
AIR_user_48_0009,user_48,2025-07-12 07:46:08,5000,Airtel
AIR_user_48_0010,user_48,2025-07-14 09:00:18,100000,MTN
AIR_user_48_0011,user_48,2025-08-11 13:11:31,5000,MTN
AIR_user_48_0012,user_48,2025-09-09 01:54:45,5000,MTN
AIR_user_48_0013,user_48,2025-09-27 05:01:33,10000,MTN
AIR_user_48_0014,user_48,2025-10-07 23:47:07,20000,Airtel
AIR_user_49_0000,user_49,2025-05-21 21:15:38,100000,Airtel
AIR_user_49_0001,user_49,2025-05-26 02:52:35,50000,Airtel
AIR_user_49_0002,user_49,2025-05-31 13:33:23,5000,MTN
AIR_user_49_0003,user_49,2025-06-13 19:49:32,20000,Airtel
AIR_user_49_0004,user_49,2025-06-18 09:43:43,10000,MTN
AIR_user_49_0005,user_49,2025-06-21 16:12:29,10000,Airtel
AIR_user_49_0006,user_49,2025-06-26 10:24:12,20000,Airtel
AIR_user_49_0007,user_49,2025-07-02 11:47:44,5000,MTN
AIR_user_49_0008,user_49,2025-07-03 23:00:20,10000,Airtel
AIR_user_49_0009,user_49,2025-07-20 03:22:18,20000,MTN
AIR_user_49_0010,user_49,2025-07-27 23:46:20,10000,Airtel
AIR_user_49_0011,user_49,2025-08-04 00:17:51,5000,MTN
AIR_user_49_0012,user_49,2025-08-04 17:54:15,10000,Airtel
AIR_user_49_0013,user_49,2025-08-11 05:36:11,50000,MTN
AIR_user_49_0014,user_49,2025-08-12 03:15:46,5000,Airtel
AIR_user_49_0015,user_49,2025-08-12 17:01:59,50000,Airtel
AIR_user_49_0016,user_49,2025-08-17 22:55:07,5000,MTN
AIR_user_49_0017,user_49,2025-08-21 13:31:08,20000,MTN
AIR_user_49_0018,user_49,2025-08-27 18:49:14,10000,MTN
AIR_user_49_0019,user_49,2025-08-28 10:31:17,100000,Airtel
AIR_user_49_0020,user_49,2025-09-01 09:14:50,50000,MTN
AIR_user_49_0021,user_49,2025-09-02 17:31:20,50000,MTN
AIR_user_49_0022,user_49,2025-10-03 04:24:44,50000,MTN
AIR_user_49_0023,user_49,2025-10-08 22:46:36,5000,MTN
AIR_user_50_0000,user_50,2025-05-28 09:58:19,5000,Airtel
AIR_user_50_0001,user_50,2025-06-03 04:27:43,5000,Airtel
AIR_user_50_0002,user_50,2025-06-04 15:01:18,100000,MTN
AIR_user_50_0003,user_50,2025-06-06 09:42:25,20000,Airtel
AIR_user_50_0004,user_50,2025-06-11 04:06:06,20000,MTN
AIR_user_50_0005,user_50,2025-07-03 23:44:23,5000,MTN
AIR_user_50_0006,user_50,2025-07-14 06:23:03,10000,MTN
AIR_user_50_0007,user_50,2025-07-18 22:57:00,100000,Airtel
AIR_user_50_0008,user_50,2025-07-21 20:10:37,10000,MTN
AIR_user_50_0009,user_50,2025-07-27 10:03:12,10000,Airtel
AIR_user_50_0010,user_50,2025-08-06 01:51:11,20000,MTN
AIR_user_50_0011,user_50,2025-08-16 19:15:13,50000,MTN
AIR_user_50_0012,user_50,2025-08-19 13:11:15,5000,MTN
AIR_user_50_0013,user_50,2025-08-28 11:44:33,5000,MTN
AIR_user_50_0014,user_50,2025-09-04 23:53:37,100000,MTN
AIR_user_51_0000,user_51,2025-05-22 07:05:25,5000,MTN
AIR_user_51_0001,user_51,2025-05-23 11:40:06,100000,Airtel
AIR_user_51_0002,user_51,2025-06-05 18:18:53,50000,MTN
AIR_user_51_0003,user_51,2025-06-14 19:55:41,100000,MTN
AIR_user_51_0004,user_51,2025-06-27 17:43:46,100000,Airtel
AIR_user_51_0005,user_51,2025-06-30 05:24:51,20000,MTN
AIR_user_51_0006,user_51,2025-07-02 21:22:01,5000,Airtel
AIR_user_51_0007,user_51,2025-07-10 16:14:43,50000,Airtel
AIR_user_51_0008,user_51,2025-07-10 21:36:47,10000,Airtel
AIR_user_51_0009,user_51,2025-07-19 23:24:55,5000,MTN
AIR_user_51_0010,user_51,2025-08-01 14:55:07,10000,Airtel
AIR_user_51_0011,user_51,2025-08-05 09:02:16,5000,MTN
AIR_user_51_0012,user_51,2025-08-15 12:14:37,50000,MTN
AIR_user_51_0013,user_51,2025-08-16 20:28:58,100000,MTN
AIR_user_51_0014,user_51,2025-08-19 13:50:01,20000,MTN
AIR_user_51_0015,user_51,2025-09-14 04:57:30,50000,MTN
AIR_user_51_0016,user_51,2025-10-14 06:05:05,100000,Airtel
AIR_user_51_0017,user_51,2025-10-19 06:49:23,10000,Airtel
AIR_user_51_0018,user_51,2025-11-07 08:09:07,5000,MTN
AIR_user_51_0019,user_51,2025-11-12 12:25:02,5000,Airtel
AIR_user_51_0020,user_51,2025-11-14 22:19:55,100000,MTN
AIR_user_51_0021,user_51,2025-11-17 02:29:28,20000,Airtel
AIR_user_52_0000,user_52,2025-05-17 08:55:41,5000,MTN
AIR_user_52_0001,user_52,2025-05-20 20:37:37,10000,MTN
AIR_user_52_0002,user_52,2025-05-24 11:54:45,20000,Airtel
AIR_user_52_0003,user_52,2025-05-25 10:26:47,50000,MTN
AIR_user_52_0004,user_52,2025-06-06 04:40:37,50000,Airtel
AIR_user_52_0005,user_52,2025-06-06 10:47:45,10000,MTN
AIR_user_52_0006,user_52,2025-06-11 17:00:25,20000,Airtel
AIR_user_52_0007,user_52,2025-06-19 07:10:40,20000,Airtel
AIR_user_52_0008,user_52,2025-06-20 22:14:30,20000,Airtel
AIR_user_52_0009,user_52,2025-07-07 11:12:13,20000,MTN
AIR_user_52_0010,user_52,2025-07-20 05:33:39,10000,Airtel
AIR_user_52_0011,user_52,2025-07-24 16:33:51,5000,Airtel
AIR_user_52_0012,user_52,2025-07-28 09:32:02,10000,MTN
AIR_user_52_0013,user_52,2025-07-30 06:52:57,5000,MTN
AIR_user_52_0014,user_52,2025-08-08 10:50:46,20000,Airtel
AIR_user_52_0015,user_52,2025-08-09 10:34:46,10000,Airtel
AIR_user_52_0016,user_52,2025-08-17 10:07:45,100000,MTN
AIR_user_52_0017,user_52,2025-08-30 08:36:10,10000,Airtel
AIR_user_52_0018,user_52,2025-09-01 04:10:44,5000,MTN
AIR_user_52_0019,user_52,2025-09-15 06:22:53,10000,Airtel
AIR_user_52_0020,user_52,2025-09-15 12:04:30,100000,MTN
AIR_user_52_0021,user_52,2025-10-02 13:53:43,100000,MTN
AIR_user_53_0000,user_53,2025-05-17 18:37:49,50000,Airtel
AIR_user_53_0001,user_53,2025-05-24 03:51:26,20000,MTN
AIR_user_53_0002,user_53,2025-05-24 09:08:33,10000,Airtel
AIR_user_53_0003,user_53,2025-05-26 15:08:40,5000,Airtel
AIR_user_53_0004,user_53,2025-05-26 20:44:50,5000,MTN
AIR_user_53_0005,user_53,2025-05-30 16:21:31,5000,Airtel
AIR_user_53_0006,user_53,2025-06-15 11:09:22,10000,Airtel
AIR_user_53_0007,user_53,2025-07-13 20:16:44,20000,Airtel
AIR_user_53_0008,user_53,2025-07-20 22:32:39,100000,MTN
AIR_user_53_0009,user_53,2025-07-22 04:09:48,20000,MTN
AIR_user_53_0010,user_53,2025-08-07 17:07:25,50000,MTN
AIR_user_53_0011,user_53,2025-08-12 19:07:21,100000,Airtel
AIR_user_53_0012,user_53,2025-08-13 23:10:06,10000,MTN
AIR_user_53_0013,user_53,2025-08-31 19:09:23,5000,MTN
AIR_user_53_0014,user_53,2025-09-10 17:08:58,10000,Airtel
AIR_user_53_0015,user_53,2025-09-19 22:10:55,10000,MTN
AIR_user_54_0000,user_54,2025-05-19 12:17:20,100000,Airtel
AIR_user_54_0001,user_54,2025-05-22 17:50:27,5000,MTN
AIR_user_54_0002,user_54,2025-05-27 09:40:08,100000,MTN
AIR_user_54_0003,user_54,2025-05-30 00:55:52,5000,Airtel
AIR_user_54_0004,user_54,2025-05-31 02:37:48,10000,Airtel
AIR_user_54_0005,user_54,2025-06-01 19:02:30,20000,Airtel
AIR_user_54_0006,user_54,2025-06-02 13:46:29,100000,MTN
AIR_user_54_0007,user_54,2025-06-10 14:49:08,20000,Airtel
AIR_user_54_0008,user_54,2025-06-18 04:25:07,50000,MTN
AIR_user_54_0009,user_54,2025-07-09 05:45:06,5000,Airtel
AIR_user_54_0010,user_54,2025-07-18 09:31:11,100000,Airtel
AIR_user_54_0011,user_54,2025-07-18 18:29:57,50000,Airtel
AIR_user_54_0012,user_54,2025-08-02 20:45:15,50000,MTN
AIR_user_54_0013,user_54,2025-08-16 18:18:09,10000,Airtel
AIR_user_54_0014,user_54,2025-08-20 20:42:40,100000,Airtel
AIR_user_54_0015,user_54,2025-08-27 00:48:46,50000,Airtel
AIR_user_54_0016,user_54,2025-09-22 03:57:07,100000,MTN
AIR_user_54_0017,user_54,2025-09-27 11:37:17,50000,MTN
AIR_user_54_0018,user_54,2025-10-13 23:38:35,50000,Airtel
AIR_user_54_0019,user_54,2025-10-14 14:12:25,20000,MTN
AIR_user_54_0020,user_54,2025-10-16 01:49:35,50000,MTN
AIR_user_55_0000,user_55,2025-05-17 08:26:33,10000,MTN
AIR_user_55_0001,user_55,2025-06-06 21:26:17,100000,MTN
AIR_user_55_0002,user_55,2025-06-11 07:20:06,10000,MTN
AIR_user_55_0003,user_55,2025-06-25 20:35:59,50000,MTN
AIR_user_55_0004,user_55,2025-07-07 12:20:11,20000,MTN
AIR_user_55_0005,user_55,2025-08-04 06:03:09,5000,MTN
AIR_user_55_0006,user_55,2025-08-22 12:43:15,100000,Airtel
AIR_user_55_0007,user_55,2025-09-07 12:25:56,50000,Airtel
AIR_user_55_0008,user_55,2025-09-16 17:24:06,20000,Airtel
AIR_user_55_0009,user_55,2025-09-19 22:13:30,100000,MTN
AIR_user_55_0010,user_55,2025-09-20 17:04:22,10000,Airtel
AIR_user_55_0011,user_55,2025-09-28 21:05:56,50000,Airtel
AIR_user_55_0012,user_55,2025-10-25 19:22:38,50000,Airtel
AIR_user_55_0013,user_55,2025-11-03 21:14:44,20000,Airtel
AIR_user_55_0014,user_55,2025-11-22 08:58:45,100000,MTN
AIR_user_55_0015,user_55,2025-12-03 19:01:12,100000,MTN
AIR_user_55_0016,user_55,2025-12-05 00:56:08,10000,Airtel
AIR_user_55_0017,user_55,2025-12-07 01:05:16,10000,Airtel
AIR_user_55_0018,user_55,2025-12-09 23:22:12,100000,Airtel
AIR_user_55_0019,user_55,2025-12-11 06:19:18,50000,Airtel
AIR_user_55_0020,user_55,2025-12-17 08:43:25,5000,Airtel
AIR_user_55_0021,user_55,2026-01-12 07:30:38,20000,MTN
AIR_user_55_0022,user_55,2026-01-22 08:17:25,5000,Airtel
AIR_user_56_0000,user_56,2025-05-14 07:04:18,20000,Airtel
AIR_user_56_0001,user_56,2025-05-30 15:11:32,20000,MTN
AIR_user_56_0002,user_56,2025-06-13 14:39:15,50000,Airtel
AIR_user_56_0003,user_56,2025-06-17 23:36:19,100000,Airtel
AIR_user_56_0004,user_56,2025-06-27 12:45:36,20000,Airtel
AIR_user_56_0005,user_56,2025-07-04 07:04:09,10000,MTN
AIR_user_56_0006,user_56,2025-07-15 16:03:30,100000,Airtel
AIR_user_56_0007,user_56,2025-07-19 15:01:38,10000,MTN
AIR_user_56_0008,user_56,2025-07-30 09:53:45,50000,Airtel
AIR_user_56_0009,user_56,2025-08-03 18:10:52,20000,MTN
AIR_user_56_0010,user_56,2025-08-23 13:33:37,20000,Airtel
AIR_user_56_0011,user_56,2025-08-28 05:29:29,5000,MTN
AIR_user_56_0012,user_56,2025-09-01 13:49:39,20000,MTN
AIR_user_56_0013,user_56,2025-09-12 08:07:10,50000,Airtel
AIR_user_57_0000,user_57,2025-05-22 12:51:07,10000,Airtel
AIR_user_57_0001,user_57,2025-06-09 01:02:51,10000,Airtel
AIR_user_57_0002,user_57,2025-06-26 01:06:53,50000,MTN
AIR_user_57_0003,user_57,2025-07-05 10:44:36,50000,Airtel
AIR_user_57_0004,user_57,2025-07-06 23:46:30,50000,MTN
AIR_user_57_0005,user_57,2025-07-19 23:13:43,20000,Airtel
AIR_user_57_0006,user_57,2025-07-21 13:30:42,20000,MTN
AIR_user_57_0007,user_57,2025-07-31 01:42:13,100000,Airtel
AIR_user_57_0008,user_57,2025-08-08 04:05:46,100000,Airtel
AIR_user_57_0009,user_57,2025-08-18 03:04:33,50000,Airtel
AIR_user_57_0010,user_57,2025-08-23 10:52:56,100000,Airtel
AIR_user_57_0011,user_57,2025-08-30 13:55:35,5000,MTN
AIR_user_57_0012,user_57,2025-09-21 00:45:09,50000,Airtel
AIR_user_57_0013,user_57,2025-09-21 18:39:23,5000,MTN
AIR_user_57_0014,user_57,2025-09-24 08:42:52,5000,Airtel
AIR_user_57_0015,user_57,2025-09-30 23:29:25,100000,Airtel
AIR_user_57_0016,user_57,2025-10-24 06:12:54,10000,Airtel
AIR_user_57_0017,user_57,2025-10-24 23:05:29,50000,MTN
AIR_user_57_0018,user_57,2025-10-25 02:55:23,50000,Airtel
AIR_user_57_0019,user_57,2025-10-25 12:33:36,5000,MTN
AIR_user_57_0020,user_57,2025-10-25 21:36:12,50000,Airtel
AIR_user_57_0021,user_57,2025-11-11 14:06:35,20000,MTN
AIR_user_57_0022,user_57,2025-11-20 12:43:28,100000,Airtel
AIR_user_57_0023,user_57,2025-11-28 10:38:14,20000,Airtel
AIR_user_58_0000,user_58,2025-05-19 00:45:02,50000,Airtel
AIR_user_58_0001,user_58,2025-06-08 14:22:19,50000,MTN
AIR_user_58_0002,user_58,2025-06-13 12:28:00,50000,Airtel
AIR_user_58_0003,user_58,2025-06-28 18:55:37,100000,MTN
AIR_user_58_0004,user_58,2025-07-01 21:25:01,100000,MTN
AIR_user_58_0005,user_58,2025-07-05 05:21:34,50000,Airtel
AIR_user_58_0006,user_58,2025-07-09 00:19:59,5000,Airtel
AIR_user_58_0007,user_58,2025-07-14 13:13:38,50000,MTN
AIR_user_58_0008,user_58,2025-07-20 04:41:05,20000,Airtel
AIR_user_58_0009,user_58,2025-07-24 23:55:40,100000,Airtel
AIR_user_58_0010,user_58,2025-07-27 13:17:44,50000,MTN
AIR_user_58_0011,user_58,2025-08-14 21:28:38,5000,MTN
AIR_user_58_0012,user_58,2025-08-21 02:41:14,20000,MTN
AIR_user_58_0013,user_58,2025-08-24 18:41:13,10000,Airtel
AIR_user_58_0014,user_58,2025-09-01 03:37:23,50000,Airtel
AIR_user_58_0015,user_58,2025-09-11 09:03:00,10000,MTN
AIR_user_58_0016,user_58,2025-10-04 00:54:26,50000,MTN
AIR_user_58_0017,user_58,2025-10-08 21:12:16,20000,MTN
AIR_user_58_0018,user_58,2025-10-09 17:10:44,20000,MTN
AIR_user_58_0019,user_58,2025-10-13 18:49:06,50000,Airtel
AIR_user_59_0000,user_59,2025-05-24 18:19:52,20000,Airtel
AIR_user_59_0001,user_59,2025-06-04 18:05:46,100000,MTN
AIR_user_59_0002,user_59,2025-06-05 16:56:55,20000,Airtel
AIR_user_59_0003,user_59,2025-06-09 06:21:52,100000,Airtel
AIR_user_59_0004,user_59,2025-06-10 13:41:55,50000,MTN
AIR_user_59_0005,user_59,2025-06-12 15:05:24,10000,Airtel
AIR_user_59_0006,user_59,2025-06-14 18:24:51,5000,Airtel
AIR_user_59_0007,user_59,2025-06-20 10:54:29,100000,Airtel
AIR_user_59_0008,user_59,2025-06-24 03:57:10,50000,MTN
AIR_user_59_0009,user_59,2025-07-14 19:47:08,10000,MTN
AIR_user_59_0010,user_59,2025-07-15 18:28:56,50000,Airtel
AIR_user_59_0011,user_59,2025-08-10 05:38:50,5000,Airtel
AIR_user_59_0012,user_59,2025-08-12 01:41:45,20000,MTN
AIR_user_59_0013,user_59,2025-08-22 10:42:50,10000,MTN
AIR_user_59_0014,user_59,2025-08-25 08:15:30,10000,MTN
AIR_user_59_0015,user_59,2025-08-26 10:11:59,20000,Airtel
AIR_user_59_0016,user_59,2025-09-09 01:59:33,20000,Airtel
AIR_user_59_0017,user_59,2025-09-11 16:03:15,5000,Airtel
AIR_user_59_0018,user_59,2025-09-19 04:43:47,100000,MTN
AIR_user_59_0019,user_59,2025-09-25 01:07:58,100000,MTN
AIR_user_60_0000,user_60,2025-05-29 00:46:01,50000,MTN
AIR_user_60_0001,user_60,2025-06-01 11:36:24,10000,Airtel
AIR_user_60_0002,user_60,2025-06-04 02:46:04,100000,MTN
AIR_user_60_0003,user_60,2025-06-08 11:01:24,5000,MTN
AIR_user_60_0004,user_60,2025-06-11 22:05:00,100000,MTN
AIR_user_60_0005,user_60,2025-06-25 20:44:19,10000,MTN
AIR_user_60_0006,user_60,2025-07-14 09:43:47,5000,Airtel
AIR_user_60_0007,user_60,2025-07-16 22:28:55,100000,Airtel
AIR_user_60_0008,user_60,2025-07-30 21:34:47,20000,Airtel
AIR_user_60_0009,user_60,2025-08-10 13:07:13,10000,MTN
AIR_user_60_0010,user_60,2025-08-29 05:49:32,5000,Airtel
AIR_user_60_0011,user_60,2025-08-31 05:12:25,50000,Airtel
AIR_user_60_0012,user_60,2025-09-06 05:44:06,100000,MTN
AIR_user_60_0013,user_60,2025-09-08 11:39:20,50000,MTN
AIR_user_60_0014,user_60,2025-09-20 15:36:27,5000,Airtel
AIR_user_60_0015,user_60,2025-09-20 16:30:16,50000,Airtel
AIR_user_60_0016,user_60,2025-09-26 12:16:45,5000,Airtel
AIR_user_61_0000,user_61,2025-05-19 18:59:17,100000,MTN
AIR_user_61_0001,user_61,2025-06-03 06:45:30,20000,MTN
AIR_user_61_0002,user_61,2025-06-04 04:12:03,5000,MTN
AIR_user_61_0003,user_61,2025-06-08 08:58:14,100000,MTN
AIR_user_61_0004,user_61,2025-06-25 07:09:15,10000,Airtel
AIR_user_61_0005,user_61,2025-07-07 02:00:13,10000,Airtel
AIR_user_61_0006,user_61,2025-07-12 05:11:39,5000,Airtel
AIR_user_61_0007,user_61,2025-07-22 13:15:06,20000,Airtel
AIR_user_61_0008,user_61,2025-07-27 17:30:14,100000,Airtel
AIR_user_61_0009,user_61,2025-07-28 22:24:51,50000,Airtel
AIR_user_61_0010,user_61,2025-07-29 20:47:48,20000,MTN
AIR_user_61_0011,user_61,2025-07-31 07:51:35,20000,MTN
AIR_user_61_0012,user_61,2025-08-03 08:28:11,5000,Airtel
AIR_user_61_0013,user_61,2025-08-22 00:30:02,100000,Airtel
AIR_user_61_0014,user_61,2025-09-02 06:36:58,10000,MTN
AIR_user_62_0000,user_62,2025-05-15 22:13:35,50000,MTN
AIR_user_62_0001,user_62,2025-05-16 05:29:37,20000,MTN
AIR_user_62_0002,user_62,2025-05-23 06:08:27,20000,MTN
AIR_user_62_0003,user_62,2025-05-25 06:08:38,50000,MTN
AIR_user_62_0004,user_62,2025-05-27 19:03:56,10000,MTN
AIR_user_62_0005,user_62,2025-06-07 02:34:01,20000,MTN
AIR_user_62_0006,user_62,2025-06-09 21:09:07,50000,MTN
AIR_user_62_0007,user_62,2025-06-11 19:44:36,10000,MTN
AIR_user_62_0008,user_62,2025-06-13 02:51:22,10000,Airtel
AIR_user_62_0009,user_62,2025-06-23 13:20:55,10000,MTN
AIR_user_62_0010,user_62,2025-06-24 12:41:16,5000,Airtel
AIR_user_62_0011,user_62,2025-06-28 18:16:30,10000,MTN
AIR_user_62_0012,user_62,2025-07-03 17:04:07,100000,Airtel
AIR_user_62_0013,user_62,2025-07-11 20:25:07,50000,Airtel
AIR_user_62_0014,user_62,2025-07-18 20:57:02,100000,MTN
AIR_user_62_0015,user_62,2025-07-30 12:35:31,50000,MTN
AIR_user_62_0016,user_62,2025-07-30 20:17:01,100000,Airtel
AIR_user_62_0017,user_62,2025-08-02 07:21:10,100000,Airtel
AIR_user_62_0018,user_62,2025-08-04 14:34:22,20000,Airtel
AIR_user_62_0019,user_62,2025-08-05 17:05:26,20000,Airtel
AIR_user_62_0020,user_62,2025-08-08 02:26:05,20000,Airtel
AIR_user_62_0021,user_62,2025-08-10 16:42:59,10000,Airtel
AIR_user_62_0022,user_62,2025-08-15 20:41:02,100000,Airtel
AIR_user_63_0000,user_63,2025-05-28 03:25:15,5000,Airtel
AIR_user_63_0001,user_63,2025-06-08 20:52:46,10000,MTN
AIR_user_63_0002,user_63,2025-06-16 12:30:29,5000,Airtel
AIR_user_63_0003,user_63,2025-06-19 10:05:37,10000,MTN
AIR_user_63_0004,user_63,2025-06-19 22:22:36,100000,Airtel
AIR_user_63_0005,user_63,2025-06-26 00:07:56,50000,Airtel
AIR_user_63_0006,user_63,2025-07-04 21:48:26,50000,MTN
AIR_user_63_0007,user_63,2025-07-05 14:26:10,100000,MTN
AIR_user_63_0008,user_63,2025-07-12 15:11:24,20000,MTN
AIR_user_63_0009,user_63,2025-07-14 23:52:14,20000,MTN
AIR_user_63_0010,user_63,2025-07-25 02:37:25,10000,Airtel
AIR_user_63_0011,user_63,2025-07-30 12:56:25,10000,Airtel
AIR_user_63_0012,user_63,2025-07-31 12:09:02,5000,Airtel
AIR_user_64_0000,user_64,2025-05-13 15:12:45,10000,MTN
AIR_user_64_0001,user_64,2025-05-19 19:59:06,5000,MTN
AIR_user_64_0002,user_64,2025-05-20 06:40:25,50000,Airtel
AIR_user_64_0003,user_64,2025-06-11 13:26:41,50000,MTN
AIR_user_64_0004,user_64,2025-06-12 15:09:40,50000,MTN
AIR_user_64_0005,user_64,2025-06-15 04:13:11,100000,MTN
AIR_user_64_0006,user_64,2025-06-27 06:40:21,10000,Airtel
AIR_user_64_0007,user_64,2025-06-29 00:08:34,5000,MTN
AIR_user_64_0008,user_64,2025-06-30 22:54:21,10000,Airtel
AIR_user_64_0009,user_64,2025-07-08 03:37:27,20000,MTN
AIR_user_64_0010,user_64,2025-07-10 09:54:07,20000,Airtel
AIR_user_65_0000,user_65,2025-05-19 19:39:40,10000,MTN
AIR_user_65_0001,user_65,2025-05-31 04:38:01,10000,Airtel
AIR_user_65_0002,user_65,2025-06-11 04:11:02,5000,Airtel
AIR_user_65_0003,user_65,2025-06-12 16:14:29,100000,Airtel
AIR_user_65_0004,user_65,2025-06-20 09:26:36,100000,Airtel
AIR_user_65_0005,user_65,2025-06-21 01:55:44,50000,Airtel
AIR_user_65_0006,user_65,2025-06-26 01:02:11,10000,Airtel
AIR_user_65_0007,user_65,2025-06-27 06:46:31,20000,MTN
AIR_user_65_0008,user_65,2025-07-01 01:14:08,100000,MTN
AIR_user_65_0009,user_65,2025-07-13 13:53:51,10000,MTN
AIR_user_65_0010,user_65,2025-08-13 01:40:19,50000,MTN
AIR_user_65_0011,user_65,2025-08-15 17:57:36,100000,Airtel
AIR_user_65_0012,user_65,2025-08-21 01:30:15,10000,Airtel
AIR_user_65_0013,user_65,2025-08-26 01:47:33,20000,MTN
AIR_user_65_0014,user_65,2025-09-16 16:33:24,5000,MTN
AIR_user_65_0015,user_65,2025-09-21 05:57:33,50000,MTN
AIR_user_65_0016,user_65,2025-09-29 15:43:37,5000,MTN
AIR_user_65_0017,user_65,2025-10-17 11:50:58,50000,Airtel
AIR_user_65_0018,user_65,2025-10-20 18:22:29,50000,Airtel
AIR_user_65_0019,user_65,2025-11-06 00:48:46,10000,MTN
AIR_user_65_0020,user_65,2025-11-23 11:52:35,100000,Airtel
AIR_user_65_0021,user_65,2025-12-12 04:13:47,50000,MTN
AIR_user_66_0000,user_66,2025-05-24 06:23:09,20000,Airtel
AIR_user_66_0001,user_66,2025-06-02 15:55:25,10000,Airtel
AIR_user_66_0002,user_66,2025-06-09 12:47:52,20000,MTN
AIR_user_66_0003,user_66,2025-07-09 14:35:20,50000,MTN
AIR_user_66_0004,user_66,2025-07-14 22:43:15,10000,MTN
AIR_user_66_0005,user_66,2025-07-15 18:53:09,10000,MTN
AIR_user_66_0006,user_66,2025-07-28 02:52:37,5000,Airtel
AIR_user_66_0007,user_66,2025-07-30 03:37:24,50000,MTN
AIR_user_66_0008,user_66,2025-08-09 15:56:56,20000,Airtel
AIR_user_66_0009,user_66,2025-08-31 16:59:21,10000,MTN
AIR_user_66_0010,user_66,2025-09-09 01:28:18,50000,Airtel
AIR_user_66_0011,user_66,2025-09-15 09:44:58,10000,Airtel
AIR_user_66_0012,user_66,2025-09-19 17:23:20,100000,Airtel
AIR_user_66_0013,user_66,2025-09-22 21:31:36,10000,MTN
AIR_user_66_0014,user_66,2025-09-25 22:40:36,50000,Airtel
AIR_user_66_0015,user_66,2025-10-03 00:37:47,50000,Airtel
AIR_user_66_0016,user_66,2025-10-12 18:23:06,10000,Airtel
AIR_user_66_0017,user_66,2025-10-20 17:01:59,5000,Airtel
AIR_user_67_0000,user_67,2025-05-24 16:11:51,100000,Airtel
AIR_user_67_0001,user_67,2025-06-04 15:45:54,20000,Airtel
AIR_user_67_0002,user_67,2025-07-01 06:30:17,50000,MTN
AIR_user_67_0003,user_67,2025-07-12 02:02:53,100000,Airtel
AIR_user_67_0004,user_67,2025-07-22 08:54:18,50000,MTN
AIR_user_67_0005,user_67,2025-08-05 00:13:15,50000,MTN
AIR_user_67_0006,user_67,2025-08-05 00:15:07,5000,MTN
AIR_user_67_0007,user_67,2025-08-08 03:52:04,100000,MTN
AIR_user_67_0008,user_67,2025-08-17 12:38:04,10000,MTN
AIR_user_67_0009,user_67,2025-08-23 22:27:12,100000,Airtel
AIR_user_67_0010,user_67,2025-08-25 07:17:47,5000,Airtel
AIR_user_67_0011,user_67,2025-08-27 20:06:58,5000,Airtel
AIR_user_67_0012,user_67,2025-08-30 17:06:30,100000,MTN
AIR_user_67_0013,user_67,2025-09-05 14:02:56,50000,MTN
AIR_user_67_0014,user_67,2025-09-18 01:19:28,10000,MTN
AIR_user_67_0015,user_67,2025-10-06 22:10:10,100000,Airtel
AIR_user_67_0016,user_67,2025-10-16 15:07:45,20000,Airtel
AIR_user_67_0017,user_67,2025-10-29 14:07:47,100000,Airtel
AIR_user_67_0018,user_67,2025-11-03 00:49:10,10000,MTN
AIR_user_67_0019,user_67,2025-11-06 11:47:58,100000,Airtel
AIR_user_67_0020,user_67,2025-11-09 23:35:20,20000,MTN
AIR_user_67_0021,user_67,2025-11-16 16:24:02,20000,Airtel
AIR_user_68_0000,user_68,2025-05-26 20:34:32,20000,Airtel
AIR_user_68_0001,user_68,2025-06-08 21:52:17,20000,MTN
AIR_user_68_0002,user_68,2025-06-13 11:48:48,20000,Airtel
AIR_user_68_0003,user_68,2025-06-14 20:37:39,100000,Airtel
AIR_user_68_0004,user_68,2025-06-19 09:40:40,100000,MTN
AIR_user_68_0005,user_68,2025-06-24 04:19:16,50000,MTN
AIR_user_68_0006,user_68,2025-06-28 21:25:13,50000,Airtel
AIR_user_68_0007,user_68,2025-07-04 07:25:46,20000,MTN
AIR_user_68_0008,user_68,2025-07-06 09:29:03,20000,Airtel
AIR_user_68_0009,user_68,2025-07-09 14:06:24,50000,MTN
AIR_user_68_0010,user_68,2025-07-13 13:46:52,50000,Airtel
AIR_user_68_0011,user_68,2025-07-14 13:23:38,50000,MTN
AIR_user_68_0012,user_68,2025-07-18 19:28:37,50000,MTN
AIR_user_68_0013,user_68,2025-07-30 10:53:44,50000,MTN
AIR_user_68_0014,user_68,2025-08-11 18:40:39,50000,Airtel
AIR_user_68_0015,user_68,2025-08-15 11:45:57,100000,MTN
AIR_user_68_0016,user_68,2025-08-20 14:39:22,5000,MTN
AIR_user_68_0017,user_68,2025-08-20 20:24:24,5000,Airtel
AIR_user_68_0018,user_68,2025-08-28 16:56:02,50000,Airtel
AIR_user_68_0019,user_68,2025-09-01 08:02:50,10000,Airtel
AIR_user_69_0000,user_69,2025-05-27 01:20:51,50000,Airtel
AIR_user_69_0001,user_69,2025-05-28 00:04:39,100000,Airtel
AIR_user_69_0002,user_69,2025-06-02 20:10:17,100000,Airtel
AIR_user_69_0003,user_69,2025-06-03 21:54:47,10000,Airtel
AIR_user_69_0004,user_69,2025-06-12 10:53:16,5000,Airtel
AIR_user_69_0005,user_69,2025-06-28 22:28:39,50000,MTN
AIR_user_69_0006,user_69,2025-07-02 22:16:38,50000,Airtel
AIR_user_69_0007,user_69,2025-07-07 14:46:18,50000,Airtel
AIR_user_69_0008,user_69,2025-07-25 23:27:12,5000,MTN
AIR_user_69_0009,user_69,2025-07-31 03:06:27,10000,MTN
AIR_user_69_0010,user_69,2025-08-04 19:26:25,20000,MTN
AIR_user_69_0011,user_69,2025-08-10 20:30:48,5000,MTN
AIR_user_69_0012,user_69,2025-08-19 00:51:18,20000,MTN
AIR_user_69_0013,user_69,2025-08-19 19:50:44,100000,Airtel
AIR_user_69_0014,user_69,2025-08-31 20:58:17,10000,MTN
AIR_user_69_0015,user_69,2025-09-04 21:02:16,50000,MTN
AIR_user_70_0000,user_70,2025-06-02 04:40:16,50000,MTN
AIR_user_70_0001,user_70,2025-06-08 14:14:18,10000,MTN
AIR_user_70_0002,user_70,2025-07-12 12:04:20,10000,Airtel
AIR_user_70_0003,user_70,2025-07-13 03:50:42,20000,Airtel
AIR_user_70_0004,user_70,2025-07-14 02:34:43,50000,Airtel
AIR_user_70_0005,user_70,2025-07-26 08:58:51,50000,Airtel
AIR_user_70_0006,user_70,2025-08-09 09:05:39,10000,Airtel
AIR_user_70_0007,user_70,2025-08-13 12:08:57,10000,Airtel
AIR_user_70_0008,user_70,2025-08-22 06:29:14,5000,MTN
AIR_user_70_0009,user_70,2025-09-05 10:07:01,10000,MTN
AIR_user_70_0010,user_70,2025-09-05 17:31:24,20000,Airtel
AIR_user_70_0011,user_70,2025-09-11 16:51:39,5000,Airtel
AIR_user_70_0012,user_70,2025-09-25 03:31:17,50000,Airtel
AIR_user_70_0013,user_70,2025-09-28 16:49:27,50000,MTN
AIR_user_70_0014,user_70,2025-10-01 05:19:07,100000,Airtel
AIR_user_70_0015,user_70,2025-10-12 08:08:10,20000,Airtel
AIR_user_70_0016,user_70,2025-10-15 04:52:25,5000,Airtel
AIR_user_70_0017,user_70,2025-10-15 05:24:27,5000,Airtel
AIR_user_70_0018,user_70,2025-11-06 16:23:35,20000,MTN
AIR_user_71_0000,user_71,2025-05-17 16:31:52,5000,MTN
AIR_user_71_0001,user_71,2025-05-19 18:18:11,100000,MTN
AIR_user_71_0002,user_71,2025-05-28 20:51:07,10000,MTN
AIR_user_71_0003,user_71,2025-05-29 09:41:11,50000,Airtel
AIR_user_71_0004,user_71,2025-05-31 04:01:15,5000,Airtel
AIR_user_71_0005,user_71,2025-06-09 19:57:24,100000,Airtel
AIR_user_71_0006,user_71,2025-06-13 20:30:20,100000,MTN
AIR_user_71_0007,user_71,2025-06-22 09:45:30,100000,Airtel
AIR_user_71_0008,user_71,2025-06-28 06:33:57,10000,MTN
AIR_user_71_0009,user_71,2025-07-19 08:15:39,50000,Airtel
AIR_user_71_0010,user_71,2025-07-25 17:16:28,10000,MTN
AIR_user_71_0011,user_71,2025-07-25 19:47:29,50000,MTN
AIR_user_71_0012,user_71,2025-07-28 20:54:29,20000,MTN
AIR_user_71_0013,user_71,2025-07-29 22:50:43,50000,Airtel
AIR_user_71_0014,user_71,2025-08-17 01:11:30,10000,Airtel
AIR_user_71_0015,user_71,2025-08-17 19:38:35,50000,Airtel
AIR_user_72_0000,user_72,2025-05-15 10:00:31,5000,MTN
AIR_user_72_0001,user_72,2025-05-20 08:43:15,5000,MTN
AIR_user_72_0002,user_72,2025-06-13 02:49:48,10000,Airtel
AIR_user_72_0003,user_72,2025-06-19 02:33:48,10000,MTN
AIR_user_72_0004,user_72,2025-07-04 13:16:49,50000,Airtel
AIR_user_72_0005,user_72,2025-07-11 22:04:22,5000,Airtel
AIR_user_72_0006,user_72,2025-07-16 10:24:13,50000,Airtel
AIR_user_72_0007,user_72,2025-07-29 22:21:40,5000,Airtel
AIR_user_72_0008,user_72,2025-08-03 09:27:18,10000,MTN
AIR_user_72_0009,user_72,2025-08-17 14:26:55,10000,Airtel
AIR_user_72_0010,user_72,2025-08-20 00:21:38,100000,MTN
AIR_user_72_0011,user_72,2025-08-20 23:31:39,10000,Airtel
AIR_user_72_0012,user_72,2025-09-03 12:18:14,100000,Airtel
AIR_user_72_0013,user_72,2025-09-09 17:02:11,50000,Airtel
AIR_user_73_0000,user_73,2025-05-14 09:23:10,20000,Airtel
AIR_user_73_0001,user_73,2025-05-20 15:41:05,10000,Airtel
AIR_user_73_0002,user_73,2025-05-23 07:11:33,10000,Airtel
AIR_user_73_0003,user_73,2025-05-23 16:13:33,50000,Airtel
AIR_user_73_0004,user_73,2025-06-13 11:03:11,20000,MTN
AIR_user_73_0005,user_73,2025-06-20 15:23:15,50000,MTN
AIR_user_73_0006,user_73,2025-07-05 07:19:57,50000,MTN
AIR_user_73_0007,user_73,2025-07-13 04:41:59,5000,MTN
AIR_user_73_0008,user_73,2025-07-16 06:53:09,50000,Airtel
AIR_user_73_0009,user_73,2025-07-21 07:39:10,10000,MTN
AIR_user_73_0010,user_73,2025-07-29 04:51:35,5000,Airtel
AIR_user_73_0011,user_73,2025-08-20 18:41:38,20000,Airtel
AIR_user_73_0012,user_73,2025-08-22 19:50:54,5000,Airtel
AIR_user_73_0013,user_73,2025-09-06 09:09:50,100000,Airtel
AIR_user_73_0014,user_73,2025-09-24 10:16:32,50000,MTN
AIR_user_73_0015,user_73,2025-10-02 04:44:33,5000,MTN
AIR_user_73_0016,user_73,2025-10-20 22:33:58,10000,Airtel
AIR_user_73_0017,user_73,2025-10-24 11:47:30,20000,MTN
AIR_user_74_0000,user_74,2025-06-03 18:24:36,20000,Airtel
AIR_user_74_0001,user_74,2025-06-07 14:55:09,10000,MTN
AIR_user_74_0002,user_74,2025-06-08 22:43:02,10000,Airtel
AIR_user_74_0003,user_74,2025-06-20 18:50:45,50000,MTN
AIR_user_74_0004,user_74,2025-06-24 09:34:47,10000,Airtel
AIR_user_74_0005,user_74,2025-07-13 14:12:06,5000,MTN
AIR_user_74_0006,user_74,2025-08-03 13:08:44,50000,MTN
AIR_user_74_0007,user_74,2025-08-04 09:38:14,5000,MTN
AIR_user_74_0008,user_74,2025-08-26 08:31:30,10000,MTN
AIR_user_74_0009,user_74,2025-08-29 13:41:11,10000,Airtel
AIR_user_74_0010,user_74,2025-09-05 20:16:02,5000,Airtel
AIR_user_74_0011,user_74,2025-09-06 02:12:32,10000,MTN
AIR_user_74_0012,user_74,2025-09-21 11:20:09,20000,Airtel
AIR_user_75_0000,user_75,2025-05-28 23:17:59,20000,MTN
AIR_user_75_0001,user_75,2025-06-05 00:02:14,20000,MTN
AIR_user_75_0002,user_75,2025-06-06 18:16:23,5000,MTN
AIR_user_75_0003,user_75,2025-06-07 03:29:42,50000,Airtel
AIR_user_75_0004,user_75,2025-06-13 19:54:30,20000,Airtel
AIR_user_75_0005,user_75,2025-06-14 04:03:58,20000,Airtel
AIR_user_75_0006,user_75,2025-06-20 19:25:59,100000,MTN
AIR_user_75_0007,user_75,2025-06-22 14:22:51,10000,MTN
AIR_user_75_0008,user_75,2025-07-09 01:13:31,20000,MTN
AIR_user_75_0009,user_75,2025-07-13 13:30:25,100000,MTN
AIR_user_75_0010,user_75,2025-07-15 08:05:56,20000,Airtel
AIR_user_75_0011,user_75,2025-07-28 18:22:31,10000,Airtel
AIR_user_75_0012,user_75,2025-07-30 19:36:44,100000,MTN
AIR_user_76_0000,user_76,2025-05-16 20:10:34,100000,MTN
AIR_user_76_0001,user_76,2025-05-19 03:12:21,50000,MTN
AIR_user_76_0002,user_76,2025-06-06 21:22:51,100000,Airtel
AIR_user_76_0003,user_76,2025-06-14 22:34:00,10000,Airtel
AIR_user_76_0004,user_76,2025-06-17 01:42:42,5000,Airtel
AIR_user_76_0005,user_76,2025-06-24 07:42:49,50000,MTN
AIR_user_76_0006,user_76,2025-07-07 12:50:19,50000,MTN
AIR_user_76_0007,user_76,2025-07-11 03:06:51,10000,Airtel
AIR_user_76_0008,user_76,2025-07-23 12:45:40,100000,MTN
AIR_user_76_0009,user_76,2025-07-24 16:56:21,100000,MTN
AIR_user_76_0010,user_76,2025-08-05 19:38:29,20000,Airtel
AIR_user_76_0011,user_76,2025-08-11 06:12:21,10000,MTN
AIR_user_76_0012,user_76,2025-08-13 00:35:21,100000,MTN
AIR_user_76_0013,user_76,2025-08-16 16:25:10,20000,MTN
AIR_user_76_0014,user_76,2025-09-16 15:21:36,20000,Airtel
AIR_user_76_0015,user_76,2025-09-27 08:28:16,5000,MTN
AIR_user_76_0016,user_76,2025-10-03 08:15:26,100000,Airtel
AIR_user_76_0017,user_76,2025-10-04 04:48:45,20000,MTN
AIR_user_77_0000,user_77,2025-05-17 12:54:11,100000,Airtel
AIR_user_77_0001,user_77,2025-05-23 16:09:06,10000,Airtel
AIR_user_77_0002,user_77,2025-05-25 23:42:29,10000,MTN
AIR_user_77_0003,user_77,2025-05-26 13:16:40,5000,MTN
AIR_user_77_0004,user_77,2025-05-27 15:36:47,100000,Airtel
AIR_user_77_0005,user_77,2025-06-05 01:25:14,50000,MTN
AIR_user_77_0006,user_77,2025-06-05 05:14:33,20000,MTN
AIR_user_77_0007,user_77,2025-06-18 19:20:03,100000,Airtel
AIR_user_77_0008,user_77,2025-06-27 02:29:35,5000,Airtel
AIR_user_77_0009,user_77,2025-07-07 08:00:25,100000,Airtel
AIR_user_77_0010,user_77,2025-07-19 23:42:59,50000,MTN
AIR_user_77_0011,user_77,2025-07-20 21:42:38,50000,Airtel
AIR_user_77_0012,user_77,2025-08-02 00:06:00,5000,Airtel
AIR_user_78_0000,user_78,2025-05-17 12:08:07,10000,MTN
AIR_user_78_0001,user_78,2025-05-25 02:27:09,100000,Airtel
AIR_user_78_0002,user_78,2025-06-02 16:30:18,20000,Airtel
AIR_user_78_0003,user_78,2025-06-18 08:01:11,5000,Airtel
AIR_user_78_0004,user_78,2025-07-10 04:15:05,100000,Airtel
AIR_user_78_0005,user_78,2025-07-15 05:34:56,50000,Airtel
AIR_user_78_0006,user_78,2025-07-26 10:42:29,5000,Airtel
AIR_user_78_0007,user_78,2025-08-18 19:34:29,50000,Airtel
AIR_user_78_0008,user_78,2025-08-19 23:07:25,20000,MTN
AIR_user_78_0009,user_78,2025-08-20 02:13:16,5000,MTN
AIR_user_78_0010,user_78,2025-09-03 07:38:40,20000,MTN
AIR_user_78_0011,user_78,2025-09-04 20:08:34,100000,MTN
AIR_user_78_0012,user_78,2025-09-05 03:26:07,5000,Airtel
AIR_user_78_0013,user_78,2025-09-06 08:44:45,100000,Airtel
AIR_user_78_0014,user_78,2025-09-09 18:10:29,10000,MTN
AIR_user_78_0015,user_78,2025-09-11 11:45:29,10000,Airtel
AIR_user_79_0000,user_79,2025-05-13 09:28:58,50000,Airtel
AIR_user_79_0001,user_79,2025-05-17 20:33:23,20000,Airtel
AIR_user_79_0002,user_79,2025-05-18 17:49:01,10000,MTN
AIR_user_79_0003,user_79,2025-06-01 00:09:24,10000,Airtel
AIR_user_79_0004,user_79,2025-06-23 06:32:32,100000,MTN
AIR_user_79_0005,user_79,2025-07-15 14:09:45,20000,Airtel
AIR_user_79_0006,user_79,2025-07-19 16:09:44,10000,MTN
AIR_user_79_0007,user_79,2025-07-26 21:55:12,100000,MTN
AIR_user_79_0008,user_79,2025-08-02 07:43:57,10000,MTN
AIR_user_79_0009,user_79,2025-08-05 08:06:51,10000,MTN
AIR_user_79_0010,user_79,2025-08-09 10:44:51,5000,MTN
AIR_user_79_0011,user_79,2025-08-09 21:55:01,10000,MTN
AIR_user_79_0012,user_79,2025-08-21 00:43:41,5000,Airtel
AIR_user_79_0013,user_79,2025-08-22 23:00:40,100000,MTN
AIR_user_79_0014,user_79,2025-08-27 06:41:40,5000,Airtel
AIR_user_79_0015,user_79,2025-08-31 20:45:18,5000,MTN
AIR_user_79_0016,user_79,2025-09-06 14:57:06,100000,MTN
AIR_user_79_0017,user_79,2025-09-18 13:04:03,50000,Airtel
AIR_user_79_0018,user_79,2025-09-26 18:50:56,50000,MTN
AIR_user_79_0019,user_79,2025-10-04 09:36:33,10000,Airtel
AIR_user_79_0020,user_79,2025-10-09 15:17:37,20000,MTN
AIR_user_80_0000,user_80,2025-06-10 23:23:02,5000,MTN
AIR_user_80_0001,user_80,2025-06-22 13:01:51,100000,MTN
AIR_user_80_0002,user_80,2025-06-23 18:18:37,50000,MTN
AIR_user_80_0003,user_80,2025-06-26 00:58:41,20000,Airtel
AIR_user_80_0004,user_80,2025-06-28 20:12:44,10000,MTN
AIR_user_80_0005,user_80,2025-07-06 04:45:28,100000,MTN
AIR_user_80_0006,user_80,2025-07-16 02:25:22,5000,Airtel
AIR_user_80_0007,user_80,2025-07-25 19:00:09,100000,MTN
AIR_user_80_0008,user_80,2025-07-30 18:48:07,50000,Airtel
AIR_user_80_0009,user_80,2025-08-11 10:31:55,20000,MTN
AIR_user_81_0000,user_81,2025-05-28 19:45:39,5000,Airtel
AIR_user_81_0001,user_81,2025-06-03 09:54:21,10000,Airtel
AIR_user_81_0002,user_81,2025-06-07 03:31:26,5000,MTN
AIR_user_81_0003,user_81,2025-06-07 16:12:04,20000,Airtel
AIR_user_81_0004,user_81,2025-06-16 10:34:07,100000,Airtel
AIR_user_81_0005,user_81,2025-06-24 22:26:25,50000,Airtel
AIR_user_81_0006,user_81,2025-07-01 14:22:53,10000,Airtel
AIR_user_81_0007,user_81,2025-07-06 14:18:51,10000,MTN
AIR_user_81_0008,user_81,2025-07-10 13:52:10,10000,MTN
AIR_user_81_0009,user_81,2025-07-16 21:00:13,5000,Airtel
AIR_user_81_0010,user_81,2025-07-18 17:39:19,10000,Airtel
AIR_user_81_0011,user_81,2025-08-07 13:52:16,100000,Airtel
AIR_user_81_0012,user_81,2025-08-13 19:09:59,50000,Airtel
AIR_user_81_0013,user_81,2025-08-16 09:47:45,50000,Airtel
AIR_user_82_0000,user_82,2025-05-15 09:23:23,100000,Airtel
AIR_user_82_0001,user_82,2025-05-18 03:58:02,50000,MTN
AIR_user_82_0002,user_82,2025-05-23 13:22:33,20000,Airtel
AIR_user_82_0003,user_82,2025-05-25 05:18:43,5000,Airtel
AIR_user_82_0004,user_82,2025-06-05 21:20:25,50000,Airtel
AIR_user_82_0005,user_82,2025-06-16 06:55:24,10000,MTN
AIR_user_82_0006,user_82,2025-06-17 09:17:55,50000,MTN
AIR_user_82_0007,user_82,2025-06-21 18:00:49,10000,Airtel
AIR_user_82_0008,user_82,2025-07-02 04:28:59,5000,Airtel
AIR_user_82_0009,user_82,2025-07-05 01:36:40,10000,MTN
AIR_user_82_0010,user_82,2025-07-12 02:03:44,20000,MTN
AIR_user_82_0011,user_82,2025-07-12 10:43:02,50000,Airtel
AIR_user_83_0000,user_83,2025-05-16 20:26:54,50000,Airtel
AIR_user_83_0001,user_83,2025-05-17 07:35:03,5000,Airtel
AIR_user_83_0002,user_83,2025-05-19 02:40:53,50000,Airtel
AIR_user_83_0003,user_83,2025-05-30 03:12:30,10000,MTN
AIR_user_83_0004,user_83,2025-06-10 13:19:41,20000,Airtel
AIR_user_83_0005,user_83,2025-06-12 04:18:38,50000,Airtel
AIR_user_83_0006,user_83,2025-06-15 01:04:49,50000,Airtel
AIR_user_83_0007,user_83,2025-06-16 01:17:49,20000,MTN
AIR_user_83_0008,user_83,2025-06-16 14:14:39,100000,Airtel
AIR_user_83_0009,user_83,2025-07-20 13:02:46,20000,Airtel
AIR_user_83_0010,user_83,2025-07-28 00:07:23,10000,MTN
AIR_user_83_0011,user_83,2025-08-02 11:20:50,100000,MTN
AIR_user_83_0012,user_83,2025-08-12 14:59:48,50000,MTN
AIR_user_83_0013,user_83,2025-08-25 10:57:05,10000,Airtel
AIR_user_83_0014,user_83,2025-09-05 23:04:27,20000,Airtel
AIR_user_83_0015,user_83,2025-09-06 01:52:34,50000,MTN
AIR_user_83_0016,user_83,2025-09-07 12:36:59,10000,Airtel
AIR_user_83_0017,user_83,2025-09-14 23:21:28,20000,Airtel
AIR_user_83_0018,user_83,2025-09-18 06:31:21,5000,MTN
AIR_user_83_0019,user_83,2025-10-16 14:00:33,50000,Airtel
AIR_user_83_0020,user_83,2025-10-24 05:56:29,100000,Airtel
AIR_user_83_0021,user_83,2025-11-15 04:48:34,10000,MTN
AIR_user_83_0022,user_83,2025-11-16 18:36:05,5000,Airtel
AIR_user_84_0000,user_84,2025-05-15 17:15:54,100000,MTN
AIR_user_84_0001,user_84,2025-05-18 10:33:33,50000,Airtel
AIR_user_84_0002,user_84,2025-05-24 05:33:17,50000,Airtel
AIR_user_84_0003,user_84,2025-05-26 12:23:23,100000,MTN
AIR_user_84_0004,user_84,2025-05-27 05:16:48,50000,Airtel
AIR_user_84_0005,user_84,2025-05-28 11:32:44,10000,Airtel
AIR_user_84_0006,user_84,2025-05-29 19:38:59,20000,Airtel
AIR_user_84_0007,user_84,2025-06-11 18:22:38,20000,Airtel
AIR_user_84_0008,user_84,2025-06-14 02:34:37,20000,Airtel
AIR_user_84_0009,user_84,2025-06-22 21:16:48,5000,MTN
AIR_user_84_0010,user_84,2025-06-28 18:13:29,100000,Airtel
AIR_user_84_0011,user_84,2025-07-25 04:14:52,5000,Airtel
AIR_user_84_0012,user_84,2025-07-27 09:46:13,100000,MTN
AIR_user_84_0013,user_84,2025-07-28 14:44:11,50000,MTN
AIR_user_84_0014,user_84,2025-07-28 23:42:52,5000,Airtel
AIR_user_85_0000,user_85,2025-05-15 07:29:43,10000,Airtel
AIR_user_85_0001,user_85,2025-05-19 06:08:21,5000,Airtel
AIR_user_85_0002,user_85,2025-05-23 17:51:46,10000,Airtel
AIR_user_85_0003,user_85,2025-06-02 06:55:17,20000,MTN
AIR_user_85_0004,user_85,2025-06-12 10:15:46,10000,MTN
AIR_user_85_0005,user_85,2025-06-13 15:15:56,100000,Airtel
AIR_user_85_0006,user_85,2025-06-19 22:11:38,20000,MTN
AIR_user_85_0007,user_85,2025-07-05 18:45:32,50000,MTN
AIR_user_85_0008,user_85,2025-07-06 14:06:28,20000,Airtel
AIR_user_85_0009,user_85,2025-07-11 01:41:37,20000,MTN
AIR_user_85_0010,user_85,2025-07-20 18:49:43,5000,Airtel
AIR_user_85_0011,user_85,2025-07-27 09:39:45,20000,Airtel
AIR_user_86_0000,user_86,2025-05-19 01:38:21,20000,Airtel
AIR_user_86_0001,user_86,2025-05-19 11:25:49,10000,MTN
AIR_user_86_0002,user_86,2025-05-20 18:42:36,100000,MTN
AIR_user_86_0003,user_86,2025-05-23 03:08:22,5000,MTN
AIR_user_86_0004,user_86,2025-05-25 10:56:31,100000,Airtel
AIR_user_86_0005,user_86,2025-06-02 06:56:52,20000,MTN
AIR_user_86_0006,user_86,2025-06-02 10:03:32,5000,Airtel
AIR_user_86_0007,user_86,2025-06-12 06:49:07,20000,MTN
AIR_user_86_0008,user_86,2025-06-14 10:37:18,100000,MTN
AIR_user_86_0009,user_86,2025-06-17 00:57:56,10000,MTN
AIR_user_86_0010,user_86,2025-06-22 07:03:50,5000,MTN
AIR_user_86_0011,user_86,2025-06-23 23:55:49,50000,Airtel
AIR_user_86_0012,user_86,2025-07-09 02:30:50,5000,MTN
AIR_user_86_0013,user_86,2025-07-09 17:30:19,10000,Airtel
AIR_user_86_0014,user_86,2025-07-13 20:14:05,20000,Airtel
AIR_user_86_0015,user_86,2025-07-27 02:18:18,50000,MTN
AIR_user_86_0016,user_86,2025-08-02 19:01:54,10000,MTN
AIR_user_87_0000,user_87,2025-05-14 21:11:54,20000,MTN
AIR_user_87_0001,user_87,2025-05-22 07:53:38,100000,Airtel
AIR_user_87_0002,user_87,2025-05-30 09:53:13,5000,Airtel
AIR_user_87_0003,user_87,2025-06-18 06:37:05,100000,MTN
AIR_user_87_0004,user_87,2025-06-19 09:17:21,50000,MTN
AIR_user_87_0005,user_87,2025-06-27 15:19:08,5000,Airtel
AIR_user_87_0006,user_87,2025-07-14 14:32:21,10000,Airtel
AIR_user_87_0007,user_87,2025-07-19 11:30:51,20000,MTN
AIR_user_87_0008,user_87,2025-07-22 14:57:49,100000,Airtel
AIR_user_87_0009,user_87,2025-07-23 22:25:07,100000,Airtel
AIR_user_87_0010,user_87,2025-08-07 01:04:26,50000,MTN
AIR_user_87_0011,user_87,2025-08-10 13:17:22,5000,Airtel
AIR_user_87_0012,user_87,2025-08-28 16:11:28,100000,MTN
AIR_user_87_0013,user_87,2025-09-10 20:24:54,5000,Airtel
AIR_user_87_0014,user_87,2025-09-14 03:49:02,10000,Airtel
AIR_user_87_0015,user_87,2025-09-20 03:08:25,100000,MTN
AIR_user_87_0016,user_87,2025-09-20 07:46:08,5000,Airtel
AIR_user_87_0017,user_87,2025-09-22 11:05:15,100000,MTN
AIR_user_88_0000,user_88,2025-05-13 19:17:13,20000,MTN
AIR_user_88_0001,user_88,2025-05-21 04:47:13,50000,Airtel
AIR_user_88_0002,user_88,2025-06-07 04:17:48,100000,Airtel
AIR_user_88_0003,user_88,2025-06-10 12:27:23,20000,Airtel
AIR_user_88_0004,user_88,2025-06-23 06:22:50,50000,Airtel
AIR_user_88_0005,user_88,2025-06-25 21:29:27,5000,Airtel
AIR_user_88_0006,user_88,2025-07-01 19:19:05,10000,Airtel
AIR_user_88_0007,user_88,2025-07-09 02:56:01,10000,MTN
AIR_user_88_0008,user_88,2025-07-17 01:18:33,10000,Airtel
AIR_user_88_0009,user_88,2025-08-01 01:07:16,20000,Airtel
AIR_user_88_0010,user_88,2025-08-02 22:02:31,5000,MTN
AIR_user_88_0011,user_88,2025-08-05 01:09:59,100000,Airtel
AIR_user_88_0012,user_88,2025-08-13 13:42:43,100000,Airtel
AIR_user_88_0013,user_88,2025-08-14 22:28:40,100000,MTN
AIR_user_88_0014,user_88,2025-08-19 07:19:52,20000,MTN
AIR_user_88_0015,user_88,2025-08-19 10:43:51,50000,MTN
AIR_user_88_0016,user_88,2025-08-20 12:15:38,20000,Airtel
AIR_user_88_0017,user_88,2025-08-28 11:04:52,100000,Airtel
AIR_user_88_0018,user_88,2025-09-07 02:16:53,50000,Airtel
AIR_user_89_0000,user_89,2025-05-13 13:01:00,10000,MTN
AIR_user_89_0001,user_89,2025-05-14 05:13:08,20000,Airtel
AIR_user_89_0002,user_89,2025-05-22 07:47:09,5000,Airtel
AIR_user_89_0003,user_89,2025-05-26 05:55:07,10000,Airtel
AIR_user_89_0004,user_89,2025-06-09 06:04:28,10000,Airtel
AIR_user_89_0005,user_89,2025-06-17 13:23:04,5000,Airtel
AIR_user_89_0006,user_89,2025-06-17 14:45:03,10000,Airtel
AIR_user_89_0007,user_89,2025-06-24 07:51:28,10000,MTN
AIR_user_89_0008,user_89,2025-06-25 00:23:28,5000,MTN
AIR_user_89_0009,user_89,2025-07-05 15:28:43,20000,Airtel
AIR_user_90_0000,user_90,2025-05-23 18:15:18,50000,Airtel
AIR_user_90_0001,user_90,2025-06-17 17:53:51,20000,Airtel
AIR_user_90_0002,user_90,2025-06-20 20:35:40,100000,Airtel
AIR_user_90_0003,user_90,2025-06-24 11:53:42,20000,Airtel
AIR_user_90_0004,user_90,2025-07-11 00:22:06,5000,MTN
AIR_user_90_0005,user_90,2025-07-12 05:35:18,5000,MTN
AIR_user_90_0006,user_90,2025-07-12 10:27:44,50000,Airtel
AIR_user_90_0007,user_90,2025-07-29 04:56:10,50000,Airtel
AIR_user_90_0008,user_90,2025-08-10 06:30:51,20000,Airtel
AIR_user_90_0009,user_90,2025-09-04 10:44:31,50000,Airtel
AIR_user_90_0010,user_90,2025-09-04 20:49:20,20000,Airtel
AIR_user_91_0000,user_91,2025-05-19 09:06:48,5000,Airtel
AIR_user_91_0001,user_91,2025-05-27 06:39:13,10000,Airtel
AIR_user_91_0002,user_91,2025-06-06 08:52:35,50000,MTN
AIR_user_91_0003,user_91,2025-06-09 01:13:31,10000,MTN
AIR_user_91_0004,user_91,2025-06-10 03:42:43,50000,Airtel
AIR_user_91_0005,user_91,2025-07-01 20:05:47,20000,MTN
AIR_user_91_0006,user_91,2025-07-02 09:26:49,50000,Airtel
AIR_user_91_0007,user_91,2025-07-03 02:21:59,10000,MTN
AIR_user_91_0008,user_91,2025-07-07 21:07:28,20000,MTN
AIR_user_91_0009,user_91,2025-07-19 20:31:53,20000,MTN
AIR_user_91_0010,user_91,2025-07-30 06:45:35,10000,MTN
AIR_user_92_0000,user_92,2025-05-26 22:11:03,5000,Airtel
AIR_user_92_0001,user_92,2025-05-28 18:16:19,100000,Airtel
AIR_user_92_0002,user_92,2025-06-10 23:34:43,100000,Airtel
AIR_user_92_0003,user_92,2025-06-12 00:45:36,5000,Airtel
AIR_user_92_0004,user_92,2025-06-18 02:35:16,50000,MTN
AIR_user_92_0005,user_92,2025-07-03 10:32:41,10000,MTN
AIR_user_92_0006,user_92,2025-07-07 22:19:48,20000,Airtel
AIR_user_92_0007,user_92,2025-07-17 12:56:10,100000,Airtel
AIR_user_92_0008,user_92,2025-07-28 23:17:32,5000,Airtel
AIR_user_92_0009,user_92,2025-08-07 07:21:02,10000,Airtel
AIR_user_92_0010,user_92,2025-08-25 11:15:20,50000,Airtel
AIR_user_92_0011,user_92,2025-08-29 14:43:41,100000,MTN
AIR_user_93_0000,user_93,2025-05-19 08:42:21,10000,MTN
AIR_user_93_0001,user_93,2025-06-09 15:40:46,100000,MTN
AIR_user_93_0002,user_93,2025-06-13 17:51:43,50000,MTN
AIR_user_93_0003,user_93,2025-06-21 23:03:33,10000,MTN
AIR_user_93_0004,user_93,2025-06-27 22:47:58,10000,MTN
AIR_user_93_0005,user_93,2025-06-29 07:28:36,5000,Airtel
AIR_user_93_0006,user_93,2025-07-05 14:06:47,5000,MTN
AIR_user_93_0007,user_93,2025-07-11 00:36:45,20000,MTN
AIR_user_93_0008,user_93,2025-07-15 19:01:34,100000,Airtel
AIR_user_93_0009,user_93,2025-07-20 20:02:48,100000,MTN
AIR_user_93_0010,user_93,2025-07-22 02:08:15,5000,Airtel
AIR_user_93_0011,user_93,2025-07-26 10:44:32,50000,MTN
AIR_user_93_0012,user_93,2025-08-01 23:04:13,5000,Airtel
AIR_user_93_0013,user_93,2025-08-06 16:00:39,100000,Airtel
AIR_user_93_0014,user_93,2025-08-11 08:42:02,10000,Airtel
AIR_user_93_0015,user_93,2025-08-11 22:15:22,100000,Airtel
AIR_user_93_0016,user_93,2025-08-13 09:49:04,100000,MTN
AIR_user_93_0017,user_93,2025-08-16 02:50:58,10000,MTN
AIR_user_93_0018,user_93,2025-08-19 22:10:29,5000,MTN
AIR_user_93_0019,user_93,2025-08-26 05:35:04,5000,MTN
AIR_user_93_0020,user_93,2025-09-09 03:57:15,50000,Airtel
AIR_user_93_0021,user_93,2025-09-10 09:04:43,50000,MTN
AIR_user_93_0022,user_93,2025-09-10 11:37:58,10000,MTN
AIR_user_94_0000,user_94,2025-06-01 04:44:47,5000,Airtel
AIR_user_94_0001,user_94,2025-06-15 19:50:40,10000,MTN
AIR_user_94_0002,user_94,2025-06-18 12:29:01,5000,MTN
AIR_user_94_0003,user_94,2025-06-24 16:47:20,50000,MTN
AIR_user_94_0004,user_94,2025-06-25 06:18:12,50000,MTN
AIR_user_94_0005,user_94,2025-06-27 08:24:22,50000,Airtel
AIR_user_94_0006,user_94,2025-06-28 01:01:54,20000,MTN
AIR_user_94_0007,user_94,2025-06-30 16:38:17,5000,MTN
AIR_user_94_0008,user_94,2025-07-15 06:14:10,20000,Airtel
AIR_user_94_0009,user_94,2025-07-18 05:52:37,20000,MTN
AIR_user_94_0010,user_94,2025-07-24 00:31:41,10000,MTN
AIR_user_94_0011,user_94,2025-07-27 23:57:48,100000,MTN
AIR_user_94_0012,user_94,2025-08-01 07:08:46,5000,Airtel
AIR_user_94_0013,user_94,2025-08-25 17:52:05,50000,Airtel
AIR_user_94_0014,user_94,2025-08-28 04:52:09,100000,MTN
AIR_user_94_0015,user_94,2025-09-04 02:41:35,100000,Airtel
AIR_user_94_0016,user_94,2025-09-07 22:13:31,20000,MTN
AIR_user_94_0017,user_94,2025-09-08 08:49:31,100000,Airtel
AIR_user_95_0000,user_95,2025-05-28 23:39:35,20000,MTN
AIR_user_95_0001,user_95,2025-06-09 10:22:52,20000,Airtel
AIR_user_95_0002,user_95,2025-06-16 12:29:42,50000,Airtel
AIR_user_95_0003,user_95,2025-07-01 16:26:44,20000,Airtel
AIR_user_95_0004,user_95,2025-07-09 15:04:06,10000,Airtel
AIR_user_95_0005,user_95,2025-07-21 14:05:21,10000,Airtel
AIR_user_95_0006,user_95,2025-07-27 09:27:46,10000,Airtel
AIR_user_95_0007,user_95,2025-08-01 14:36:21,50000,Airtel
AIR_user_95_0008,user_95,2025-08-10 14:56:26,5000,Airtel
AIR_user_95_0009,user_95,2025-08-10 18:16:53,5000,Airtel
AIR_user_95_0010,user_95,2025-08-18 23:14:42,100000,Airtel
AIR_user_95_0011,user_95,2025-09-07 01:12:37,100000,Airtel
AIR_user_95_0012,user_95,2025-09-15 19:28:21,10000,Airtel
AIR_user_95_0013,user_95,2025-09-16 01:46:13,20000,MTN
AIR_user_95_0014,user_95,2025-09-19 09:30:30,5000,Airtel
AIR_user_95_0015,user_95,2025-10-01 00:08:29,10000,Airtel
AIR_user_95_0016,user_95,2025-10-23 07:10:04,100000,MTN
AIR_user_95_0017,user_95,2025-10-26 12:50:00,10000,MTN
AIR_user_95_0018,user_95,2025-11-08 09:57:56,5000,MTN
AIR_user_95_0019,user_95,2025-11-22 08:54:28,50000,MTN
AIR_user_95_0020,user_95,2025-11-23 07:00:44,5000,MTN
AIR_user_95_0021,user_95,2025-12-06 09:04:35,10000,MTN
AIR_user_96_0000,user_96,2025-06-17 10:56:22,100000,MTN
AIR_user_96_0001,user_96,2025-06-18 02:10:18,5000,Airtel
AIR_user_96_0002,user_96,2025-07-01 23:12:09,20000,MTN
AIR_user_96_0003,user_96,2025-07-05 10:23:11,10000,Airtel
AIR_user_96_0004,user_96,2025-07-10 15:07:29,10000,Airtel
AIR_user_96_0005,user_96,2025-07-27 20:53:56,10000,Airtel
AIR_user_96_0006,user_96,2025-08-22 06:04:38,5000,Airtel
AIR_user_96_0007,user_96,2025-08-24 09:09:18,100000,Airtel
AIR_user_96_0008,user_96,2025-08-26 01:21:49,10000,Airtel
AIR_user_96_0009,user_96,2025-08-26 15:27:58,50000,MTN
AIR_user_96_0010,user_96,2025-09-01 10:04:43,50000,MTN
AIR_user_96_0011,user_96,2025-09-01 12:22:47,10000,Airtel
AIR_user_97_0000,user_97,2025-05-13 11:26:23,20000,MTN
AIR_user_97_0001,user_97,2025-05-15 15:51:15,10000,Airtel
AIR_user_97_0002,user_97,2025-05-18 22:55:15,5000,MTN
AIR_user_97_0003,user_97,2025-06-02 22:17:17,100000,MTN
AIR_user_97_0004,user_97,2025-06-23 23:03:43,5000,MTN
AIR_user_97_0005,user_97,2025-07-02 18:49:13,20000,Airtel
AIR_user_97_0006,user_97,2025-07-07 12:46:42,100000,Airtel
AIR_user_97_0007,user_97,2025-07-14 16:42:21,5000,Airtel
AIR_user_97_0008,user_97,2025-07-18 10:29:29,10000,MTN
AIR_user_97_0009,user_97,2025-07-20 22:07:52,50000,MTN
AIR_user_97_0010,user_97,2025-08-10 23:44:32,10000,Airtel
AIR_user_97_0011,user_97,2025-08-11 20:20:26,50000,MTN
AIR_user_97_0012,user_97,2025-08-14 19:46:57,5000,MTN
AIR_user_97_0013,user_97,2025-08-30 21:05:35,5000,MTN
AIR_user_97_0014,user_97,2025-09-08 20:50:49,100000,Airtel
AIR_user_97_0015,user_97,2025-09-09 01:48:30,10000,Airtel
AIR_user_97_0016,user_97,2025-09-09 05:44:05,50000,MTN
AIR_user_98_0000,user_98,2025-05-18 18:14:17,10000,MTN
AIR_user_98_0001,user_98,2025-05-19 09:35:22,10000,MTN
AIR_user_98_0002,user_98,2025-06-06 15:11:39,10000,MTN
AIR_user_98_0003,user_98,2025-06-10 21:21:03,50000,MTN
AIR_user_98_0004,user_98,2025-06-14 01:12:16,5000,Airtel
AIR_user_98_0005,user_98,2025-06-21 00:02:33,20000,MTN
AIR_user_98_0006,user_98,2025-06-28 20:15:48,10000,MTN
AIR_user_98_0007,user_98,2025-06-30 12:00:39,5000,MTN
AIR_user_98_0008,user_98,2025-07-13 04:42:03,5000,MTN
AIR_user_98_0009,user_98,2025-07-15 14:13:27,100000,Airtel
AIR_user_98_0010,user_98,2025-07-17 00:56:21,10000,Airtel
AIR_user_98_0011,user_98,2025-07-20 16:33:34,50000,Airtel
AIR_user_98_0012,user_98,2025-07-29 20:52:34,10000,MTN
AIR_user_98_0013,user_98,2025-08-22 10:17:40,100000,MTN
AIR_user_98_0014,user_98,2025-09-03 00:39:46,5000,MTN
AIR_user_98_0015,user_98,2025-09-22 18:17:39,5000,Airtel
AIR_user_98_0016,user_98,2025-09-23 19:45:03,5000,Airtel
AIR_user_98_0017,user_98,2025-09-24 08:09:20,5000,MTN
AIR_user_98_0018,user_98,2025-09-30 01:12:22,100000,MTN
AIR_user_98_0019,user_98,2025-10-02 10:48:53,50000,MTN
AIR_user_98_0020,user_98,2025-10-14 18:35:33,10000,MTN
AIR_user_98_0021,user_98,2025-10-22 13:51:46,50000,MTN
AIR_user_99_0000,user_99,2025-05-15 15:01:32,10000,MTN
AIR_user_99_0001,user_99,2025-05-21 05:32:49,5000,Airtel
AIR_user_99_0002,user_99,2025-05-22 02:00:59,50000,Airtel
AIR_user_99_0003,user_99,2025-06-11 02:42:52,5000,MTN
AIR_user_99_0004,user_99,2025-06-13 12:28:03,5000,MTN
AIR_user_99_0005,user_99,2025-07-01 11:12:46,100000,MTN
AIR_user_99_0006,user_99,2025-07-04 05:27:08,100000,MTN
AIR_user_99_0007,user_99,2025-07-14 21:14:12,50000,MTN
AIR_user_99_0008,user_99,2025-07-16 20:42:56,5000,MTN
AIR_user_99_0009,user_99,2025-07-24 14:51:11,10000,MTN
AIR_user_99_0010,user_99,2025-07-27 08:33:54,10000,Airtel
AIR_user_99_0011,user_99,2025-08-01 08:07:11,5000,Airtel
AIR_user_99_0012,user_99,2025-08-09 04:19:41,5000,MTN
